{"DeletedArcs":16,"Gap":0.0,"InfTailPath":0,"NodeCount":3959.0,"Runtime":34.4539999961853,"SimplexIterations":47398.0,"SubtourTracker":{"CutCounter":[["RCC",800],["MSTAR",752],["FCI",18],["GLM",27],["CAT",46],["DKplus",3],["DKminus",4]],"CutTimer":[["RCC",839883],["MSTAR",201151],["FCI",58622],["GLM",7961],["CAT",76052],["DKplus",5517],["DKminus",5139]],"ElementCallCounter":[["IntegerSolutions",112],["DetermineRoutes",112],["CheckRoutes",112],["IntegerRoutes",463],["SingleCustRoutes",39],["MinNumVeh",424],["DisconnectedRoutes",5],["ConnectedRoutes",419],["SingleVehicle",300],["MinVehApproxInf",119],["RoutePrechecked",203],["RoutePrecheckedNot",97],["CustCombiInfeasible",6],["CustCombiInfNot",91],["HeuristicFeas",42],["HeuristicInf",49],["CPCheck",0],["ExactLimitFeas",13],["ExactLimitInf",6],["ExactLimitUnk",4],["TwoPath",16],["TwoPathNot",0],["RegTournamentPath",0],["RegTournamentPathNot",0],["TailTournamentPath",0],["ExactFeas",16],["ExactInf",10],["ExactInvalid",0],["RevSeq",0],["RevHeurFeas",0],["RevExactFeas",0],["RevInf",0],["CheckFracSols",3962],["AddFracSolCuts",240],["BuildGraph",240],["SPHeur",5]],"ElementCallTime":[["IntegerSolutions",31635899],["DetermineRoutes",571],["CheckRoutes",31634158],["IntegerRoutes",0],["SingleCustRoutes",0],["MinNumVeh",82664],["DisconnectedRoutes",88],["ConnectedRoutes",0],["SingleVehicle",31545936],["MinVehApproxInf",4946],["RoutePrechecked",18],["RoutePrecheckedNot",162],["CustCombiInfeasible",159],["CustCombiInfNot",272],["HeuristicFeas",19082],["HeuristicInf",1197071],["CPCheck",0],["ExactLimitFeas",1800932],["ExactLimitInf",673796],["ExactLimitUnk",3079838],["TwoPath",11231562],["TwoPathNot",0],["RegTournamentPath",0],["RegTournamentPathNot",0],["TailTournamentPath",0],["ExactFeas",1455422],["ExactInf",12086772],["ExactInvalid",0],["RevSeq",0],["RevHeurFeas",0],["RevExactFeas",0],["RevInf",0],["CheckFracSols",1198703],["AddFracSolCuts",1198557],["BuildGraph",2492],["SPHeur",591807]],"LazyConstraintCounter":[["RCC",85],["SEC",130],["TwoPath",16],["TwoPathMIS",13]],"LowerBoundProgress":[[0.4160001277923584,[0.0,629.3364251083559]],[0.5,[0.0,629.3364251083559]],[0.5659999847412109,[0.0,632.4588892710204]],[0.9049999713897705,[0.0,632.4588892710204]],[0.9170000553131104,[0.0,643.159795050881]],[1.0199999809265137,[0.0,643.159795050881]],[1.0329999923706055,[0.0,643.159795050881]],[1.0420000553131104,[1.0,650.7323340114274]],[1.0429999828338623,[2.0,653.8662611607382]],[1.0490000247955322,[3.0,653.8662611607382]],[1.0510001182556152,[4.0,655.3730897992224]],[10.019999980926514,[5.0,655.3730897992224]],[10.040000200271606,[6.0,655.3730897992224]],[10.49400019645691,[7.0,658.2136485867136]],[10.495000123977661,[8.0,658.2136485867136]],[10.499000072479248,[10.0,659.5087278436894]],[10.50600004196167,[11.0,659.5087278436894]],[10.522000074386597,[15.0,659.5087278436894]],[10.626000165939331,[18.0,667.0873172353819]],[10.631999969482422,[19.0,669.6531195682687]],[10.634999990463257,[20.0,669.6531195682687]],[10.63700008392334,[21.0,670.2790121140455]],[10.639000177383423,[22.0,670.2790121140455]],[10.641000032424927,[23.0,670.2790121140455]],[10.644000053405762,[24.0,670.2790121140455]],[10.646000146865845,[25.0,670.2790121140455]],[10.64900016784668,[26.0,670.2790121140455]],[10.657999992370605,[27.0,670.2790121140455]],[10.660000085830688,[28.0,670.2790121140455]],[10.662000179290771,[29.0,670.2790121140455]],[10.665000200271606,[31.0,670.2790121140455]],[10.66700005531311,[32.0,670.2790121140455]],[10.667999982833862,[33.0,670.2790121140455]],[10.670000076293945,[34.0,670.2790121140455]],[10.67799997329712,[35.0,670.2790121140455]],[10.680000066757202,[36.0,670.2790121140455]],[10.682000160217285,[37.0,670.2790121140455]],[10.683000087738037,[38.0,670.2790121140455]],[10.705000162124634,[39.0,670.2790121140455]],[10.707000017166138,[40.0,670.2790121140455]],[10.708000183105469,[42.0,670.2790121140455]],[10.718000173568726,[43.0,670.2790121140455]],[10.719000101089478,[44.0,670.2790121140455]],[10.735000133514404,[53.0,670.2790121140455]],[10.751000165939331,[59.0,670.2790121140455]],[10.782999992370605,[66.0,670.2790121140455]],[10.79800009727478,[67.0,670.2790121140455]],[10.812000036239624,[71.0,670.2790121140455]],[10.815000057220459,[73.0,670.2790121140455]],[10.830000162124634,[75.0,670.2790121140455]],[10.909000158309937,[82.0,670.2790121140455]],[10.925000190734863,[84.0,670.2790121140455]],[10.936000108718872,[87.0,670.2790121140455]],[11.035000085830688,[88.0,670.2790121140455]],[11.055000066757202,[91.0,670.2790121140455]],[11.058000087738037,[92.0,670.2790121140455]],[11.061000108718872,[93.0,670.2790121140455]],[11.063000202178955,[94.0,670.2790121140455]],[11.065000057220459,[95.0,670.2790121140455]],[11.074000120162964,[96.0,670.2790121140455]],[11.083000183105469,[97.0,670.2790121140455]],[11.08400011062622,[98.0,670.2790121140455]],[11.085000038146973,[99.0,670.2790121140455]],[11.085999965667725,[100.0,670.2790121140455]],[11.092000007629395,[101.0,670.2790121140455]],[11.266000032424927,[102.0,670.2790121140455]],[11.27999997138977,[107.0,670.2790121140455]],[11.282000064849854,[108.0,670.2790121140455]],[11.297000169754028,[115.0,670.2790121140455]],[11.485000133514404,[119.0,670.2790121140455]],[11.486000061035156,[121.0,670.2790121140455]],[11.486999988555908,[122.0,670.2790121140455]],[11.491000175476074,[123.0,670.2790121140455]],[11.495000123977661,[124.0,670.2790121140455]],[11.496999979019165,[125.0,670.2790121140455]],[11.499000072479248,[126.0,670.2790121140455]],[11.504000186920166,[129.0,670.2790121140455]],[11.519999980926514,[135.0,670.2790121140455]],[11.52999997138977,[139.0,670.2790121140455]],[11.53600001335144,[140.0,670.2790121140455]],[11.552000045776367,[146.0,670.2790121140455]],[11.561000108718872,[153.0,670.2790121140455]],[11.568000078201294,[155.0,670.2790121140455]],[11.604000091552734,[166.0,670.2790121140455]],[11.605000019073486,[167.0,670.2790121140455]],[11.608000040054321,[168.0,670.2790121140455]],[11.611000061035156,[169.0,670.2790121140455]],[11.61300015449524,[170.0,670.2790121140455]],[11.624000072479248,[171.0,670.2790121140455]],[11.629000186920166,[172.0,670.2790121140455]],[11.631999969482422,[173.0,670.2790121140455]],[11.636000156402588,[174.0,670.2790121140455]],[11.639000177383423,[175.0,670.2790121140455]],[11.642000198364258,[176.0,670.2790121140455]],[11.64300012588501,[177.0,670.2790121140455]],[11.644000053405762,[178.0,670.2790121140455]],[11.644999980926514,[179.0,670.2790121140455]],[11.646000146865845,[180.0,670.2790121140455]],[11.67300009727478,[182.0,670.2790121140455]],[11.758000135421753,[183.0,670.2790121140455]],[11.853000164031982,[185.0,670.2790121140455]],[12.348000049591064,[188.0,670.2790121140455]],[12.364000082015991,[190.0,670.2790121140455]],[12.374000072479248,[196.0,670.2790121140455]],[12.968000173568726,[199.0,670.2790121140455]],[13.062000036239624,[200.0,670.2790121140455]],[13.124000072479248,[201.0,670.2790121140455]],[13.159000158309937,[211.0,670.2790121140455]],[13.171000003814697,[218.0,670.2790121140455]],[13.379000186920166,[219.0,670.2790121140455]],[13.66700005531311,[254.0,670.2790121140455]],[13.694000005722046,[259.0,670.2790121140455]],[13.75,[264.0,670.2790121140455]],[15.077000141143799,[284.0,670.2790121140455]],[15.07800006866455,[301.0,670.2790121140455]],[15.199000120162964,[302.0,670.2790121140455]],[15.21399998664856,[315.0,670.2790121140455]],[15.241000175476074,[379.0,670.2790121140455]],[15.242000102996826,[405.0,670.2790121140455]],[15.243000030517578,[420.0,670.2790121140455]],[16.30299997329712,[430.0,670.2790121140455]],[16.34500002861023,[448.0,670.2790121140455]],[16.39300012588501,[459.0,670.2790121140455]],[16.39400005340576,[476.0,670.7994054149466]],[16.486000061035156,[483.0,670.7994054149466]],[16.766000032424927,[528.0,670.7994054149466]],[16.79800009727478,[555.0,670.7994054149466]],[16.828999996185303,[559.0,673.8163756956559]],[18.630000114440918,[583.0,673.8163756956559]],