{"DeletedArcs":14,"Gap":0.0,"InfTailPath":0,"NodeCount":203.0,"Runtime":4.741999864578247,"SimplexIterations":2864.0,"SubtourTracker":{"CutCounter":[["RCC",1218],["MSTAR",5483],["FCI",3499],["GLM",80],["CAT",13]],"CutTimer":[["RCC",164869],["MSTAR",550013],["FCI",3184044],["GLM",11103],["CAT",101445],["DKplus",2657],["DKminus",2268]],"ElementCallCounter":[["IntegerSolutions",34],["DetermineRoutes",34],["CheckRoutes",34],["IntegerRoutes",204],["SingleCustRoutes",39],["MinNumVeh",165],["DisconnectedRoutes",0],["ConnectedRoutes",165],["SingleVehicle",117],["MinVehApproxInf",48],["RoutePrechecked",91],["RoutePrecheckedNot",26],["CustCombiInfeasible",0],["CustCombiInfNot",26],["HeuristicFeas",23],["HeuristicInf",3],["CPCheck",0],["ExactLimitFeas",1],["ExactLimitInf",0],["ExactLimitUnk",0],["TwoPath",0],["TwoPathNot",0],["RegTournamentPath",0],["RegTournamentPathNot",0],["TailTournamentPath",0],["ExactFeas",2],["ExactInf",0],["ExactInvalid",0],["RevSeq",0],["RevHeurFeas",0],["RevExactFeas",0],["RevInf",0],["CheckFracSols",225],["AddFracSolCuts",134],["BuildGraph",134],["SPHeur",2]],"ElementCallTime":[["IntegerSolutions",469862],["DetermineRoutes",175],["CheckRoutes",469403],["IntegerRoutes",0],["SingleCustRoutes",0],["MinNumVeh",22576],["DisconnectedRoutes",0],["ConnectedRoutes",0],["SingleVehicle",445387],["MinVehApproxInf",1263],["RoutePrechecked",8],["RoutePrecheckedNot",0],["CustCombiInfeasible",0],["CustCombiInfNot",28],["HeuristicFeas",10791],["HeuristicInf",14682],["CPCheck",0],["ExactLimitFeas",203721],["ExactLimitInf",0],["ExactLimitUnk",0],["TwoPath",0],["TwoPathNot",0],["RegTournamentPath",0],["RegTournamentPathNot",0],["TailTournamentPath",0],["ExactFeas",216044],["ExactInf",0],["ExactInvalid",0],["RevSeq",0],["RevHeurFeas",0],["RevExactFeas",0],["RevInf",0],["CheckFracSols",4020196],["AddFracSolCuts",4020073],["BuildGraph",1179],["SPHeur",8212]],"LazyConstraintCounter":[["RCC",4],["SEC",48]],"LowerBoundProgress":[[0.016000032424926758,[0.0,371.7654549054349]],[0.026000022888183594,[0.0,371.7654549054349]],[0.034999847412109375,[0.0,392.5782135427589]],[0.042999982833862305,[0.0,392.5782135427589]],[0.04900002479553223,[0.0,401.711148986601]],[0.06200003623962402,[0.0,401.711148986601]],[0.0709998607635498,[0.0,409.78703753164837]],[0.2869999408721924,[0.0,409.78703753164837]],[0.31799983978271484,[0.0,416.0123939781823]],[0.4700000286102295,[0.0,416.0123939781823]],[0.5690000057220459,[0.0,419.36545740597404]],[0.5809998512268066,[0.0,420.6103262691808]],[0.5820000171661377,[0.0,420.6103262691808]],[0.6159999370574951,[0.0,422.50042363518514]],[0.6169998645782471,[0.0,422.50042363518514]],[0.6529998779296875,[0.0,423.19712935155326]],[0.6539998054504395,[0.0,423.19712935155326]],[0.7289998531341553,[0.0,423.65816666198594]],[0.7300000190734863,[0.0,423.65816666198594]],[0.7709999084472656,[0.0,424.08049582218547]],[0.7719998359680176,[0.0,424.08049582218547]],[0.7879998683929443,[0.0,424.25115305761284]],[0.7890000343322754,[0.0,424.25115305761284]],[0.8320000171661377,[0.0,424.5546580162788]],[0.8329999446868896,[0.0,424.5546580162788]],[0.8439998626708984,[0.0,424.6007308818964]],[0.8450000286102295,[0.0,424.6007308818964]],[0.8889999389648438,[0.0,425.62934672614534]],[0.8910000324249268,[0.0,425.62934672614534]],[0.9529998302459717,[0.0,426.20658420510176]],[0.9539999961853027,[0.0,426.20658420510176]],[0.994999885559082,[0.0,426.2972619226256]],[0.995999813079834,[0.0,426.2972619226256]],[0.996999979019165,[0.0,426.2972619226256]],[1.0479998588562012,[0.0,426.3237701328416]],[1.051999807357788,[0.0,426.3237701328416]],[1.0859999656677246,[0.0,426.5154681527957]],[1.0920000076293945,[0.0,426.5154681527957]],[1.1089999675750732,[0.0,426.541815686815]],[1.1129999160766602,[0.0,426.541815686815]],[1.1579999923706055,[0.0,426.54745629060375]],[1.1610000133514404,[0.0,426.54745629060375]],[1.2070000171661377,[0.0,426.54745629060375]],[1.2109999656677246,[0.0,426.54745629060375]],[1.2709999084472656,[0.0,426.54745629060375]],[1.2829999923706055,[0.0,426.54745629060375]],[1.3339998722076416,[1.0,426.5474562906038]],[1.376999855041504,[2.0,426.699200006247]],[1.426999807357788,[3.0,426.699200006247]],[1.4769999980926514,[4.0,426.699200006247]],[1.5079998970031738,[5.0,426.699200006247]],[1.563999891281128,[6.0,427.5369965833762]],[1.6019999980926514,[7.0,427.5369965833762]],[1.6489999294281006,[8.0,427.5369965833762]],[1.6649999618530273,[9.0,427.5369965833762]],[1.7109999656677246,[11.0,427.5369965833762]],[1.7579998970031738,[12.0,427.80820673728056]],[1.804999828338623,[13.0,428.18596415935355]],[1.8519999980926514,[14.0,428.18596415935355]],[1.8989999294281006,[15.0,428.18596415935355]],[1.9459998607635498,[16.0,428.18596415935355]],[1.9930000305175781,[17.0,428.18596415935355]],[2.0339999198913574,[18.0,428.18596415935355]],[2.046999931335449,[19.0,428.18596415935355]],[2.0850000381469727,[20.0,428.2852210718693]],[2.132999897003174,[21.0,428.2852210718693]],[2.1439998149871826,[22.0,428.2852210718693]],[2.1589999198913574,[23.0,428.2852210718693]],[2.194999933242798,[24.0,428.2852210718693]],[2.2269999980926514,[25.0,428.2852210718693]],[2.257999897003174,[26.0,428.2852210718693]],[2.2730000019073486,[27.0,428.2852210718693]],[2.2890000343322754,[28.0,428.2852210718693]],[2.304999828338623,[29.0,428.32612332859867]],[2.319999933242798,[30.0,428.32612332859867]],[2.3359999656677246,[31.0,428.32612332859867]],[2.382999897003174,[32.0,428.32612332859867]],[2.429999828338623,[33.0,428.32612332859867]],[2.444999933242798,[35.0,428.32612332859867]],[2.4609999656677246,[36.0,428.32612332859867]],[2.4769999980926514,[37.0,428.32612332859867]],[2.5439999103546143,[38.0,428.32612332859867]],[2.562000036239624,[39.0,428.32612332859867]],[2.5779998302459717,[40.0,428.32612332859867]],[2.5950000286102295,[41.0,428.32612332859867]],[2.6499998569488525,[42.0,428.32612332859867]],[2.6659998893737793,[43.0,428.32612332859867]],[2.680999994277954,[44.0,428.32612332859867]],[2.697000026702881,[45.0,428.32612332859867]],[2.74399995803833,[46.0,428.32612332859867]],[2.758999824523926,[47.0,428.32612332859867]],[2.805999994277954,[48.0,428.32612332859867]],[2.822000026702881,[50.0,428.32612332859867]],[2.86899995803833,[51.0,428.32612332859867]],[2.883999824523926,[53.0,428.32612332859867]],[2.9019999504089355,[55.0,428.32612332859867]],[2.9489998817443848,[56.0,428.32612332859867]],[2.98799991607666,[57.0,428.32612332859867]],[3.005999803543091,[58.0,428.32612332859867]],[3.007999897003174,[60.0,428.32612332859867]],[3.0239999294281006,[61.0,428.32612332859867]],[3.0390000343322754,[62.0,428.32612332859867]],[3.069999933242798,[63.0,428.32612332859867]],[3.1019999980926514,[72.0,428.32612332859867]],[3.1489999294281006,[73.0,428.32612332859867]],[3.179999828338623,[85.0,428.32612332859867]],[3.194999933242798,[88.0,428.32612332859867]],[3.241999864578247,[89.0,428.32612332859867]],[3.2890000343322754,[95.0,428.32612332859867]],[3.304999828338623,[96.0,428.32612332859867]],[3.319999933242798,[100.0,428.32612332859867]],[3.366999864578247,[101.0,428.32612332859867]],[3.4140000343322754,[102.0,428.32612332859867]],[3.444999933242798,[104.0,428.32612332859867]],[3.4609999656677246,[105.0,428.32612332859867]],[3.4769999980926514,[107.0,428.32612332859867]],[3.5390000343322754,[111.0,428.32612332859867]],[3.5939998626708984,[112.0,428.32612332859867]],[3.632999897003174,[113.0,428.32612332859867]],[3.678999900817871,[117.0,428.32612332859867]],[3.741999864578247,[118.0,428.32612332859867]],[3.803999900817871,[124.0,428.9986787579698]],[3.819999933242798,[125.0,428.9986787579698]],[3.8359999656677246,[126.0,428.9986787579698]],[3.866999864578247,[132.0,428.9986787579698]],[3.9140000343322754,[133.0,428.9986787579698]],[3.944999933242798,[134.0,428.9986787579698]],[3.991999864578247,[135.0,428.9986787579698]],[4.039000034332275,[136.0,428.9986787579698]],[4.085999965667725,[137.0,428.9986787579698]],[4.164000034332275,[141.0,428.9986787579698]],[4.241999864578247,