{"DeletedArcs":2,"Gap":0.0,"InfTailPath":0,"NodeCount":294.0,"Runtime":2.3919999599456787,"SimplexIterations":3708.0,"SubtourTracker":{"CutCounter":[["RCC",501],["MSTAR",3142],["FCI",1660],["GLM",47],["CAT",3]],"CutTimer":[["RCC",69264],["MSTAR",278632],["FCI",1485835],["GLM",5894],["CAT",76671],["DKplus",2475],["DKminus",1899]],"ElementCallCounter":[["IntegerSolutions",31],["DetermineRoutes",31],["CheckRoutes",31],["IntegerRoutes",155],["SingleCustRoutes",17],["MinNumVeh",138],["DisconnectedRoutes",0],["ConnectedRoutes",138],["SingleVehicle",107],["MinVehApproxInf",31],["RoutePrechecked",94],["RoutePrecheckedNot",13],["CustCombiInfeasible",0],["CustCombiInfNot",13],["HeuristicFeas",13],["HeuristicInf",0],["CPCheck",0],["ExactLimitFeas",0],["ExactLimitInf",0],["ExactLimitUnk",0],["TwoPath",0],["TwoPathNot",0],["RegTournamentPath",0],["RegTournamentPathNot",0],["TailTournamentPath",0],["ExactFeas",0],["ExactInf",0],["ExactInvalid",0],["RevSeq",0],["RevHeurFeas",0],["RevExactFeas",0],["RevInf",0],["CheckFracSols",309],["AddFracSolCuts",168],["BuildGraph",168],["SPHeur",1]],"ElementCallTime":[["IntegerSolutions",16968],["DetermineRoutes",185],["CheckRoutes",16435],["IntegerRoutes",0],["SingleCustRoutes",0],["MinNumVeh",11092],["DisconnectedRoutes",0],["ConnectedRoutes",0],["SingleVehicle",4122],["MinVehApproxInf",1024],["RoutePrechecked",45],["RoutePrecheckedNot",4],["CustCombiInfeasible",0],["CustCombiInfNot",14],["HeuristicFeas",3955],["HeuristicInf",0],["CPCheck",0],["ExactLimitFeas",0],["ExactLimitInf",0],["ExactLimitUnk",0],["TwoPath",0],["TwoPathNot",0],["RegTournamentPath",0],["RegTournamentPathNot",0],["TailTournamentPath",0],["ExactFeas",0],["ExactInf",0],["ExactInvalid",0],["RevSeq",0],["RevHeurFeas",0],["RevExactFeas",0],["RevInf",0],["CheckFracSols",1924071],["AddFracSolCuts",1923860],["BuildGraph",1143],["SPHeur",1454]],"LazyConstraintCounter":[["RCC",22],["SEC",31]],"LowerBoundProgress":[[0.009000062942504883,[0.0,295.17078089793995]],[0.017999887466430664,[0.0,295.17078089793995]],[0.026000022888183594,[0.0,302.74723513496787]],[0.032000064849853516,[0.0,302.74723513496787]],[0.04200005531311035,[0.0,306.08708733734153]],[0.04399991035461426,[0.0,306.08708733734153]],[0.04900002479553223,[0.0,312.86092694925884]],[0.04999995231628418,[0.0,312.86092694925884]],[0.05200004577636719,[0.0,316.3173650997574]],[0.05299997329711914,[0.0,316.3173650997574]],[0.059999942779541016,[0.0,321.74233710891167]],[0.06100010871887207,[0.0,321.74233710891167]],[0.06500005722045898,[0.0,321.8988684406257]],[0.06599998474121094,[0.0,321.8988684406257]],[0.09200000762939453,[0.0,323.12901448747743]],[0.09299993515014648,[0.0,323.12901448747743]],[0.12100005149841309,[0.0,324.815334240728]],[0.12199997901916504,[0.0,324.815334240728]],[0.1530001163482666,[0.0,325.5617671624681]],[0.16000008583068848,[0.0,325.5617671624681]],[0.16700005531311035,[0.0,325.57311996631194]],[0.16899991035461426,[0.0,325.57311996631194]],[0.20399999618530273,[0.0,325.7022596549217]],[0.2049999237060547,[0.0,325.7022596549217]],[0.23600006103515625,[0.0,325.80034187381005]],[0.24399995803833008,[0.0,325.80034187381005]],[0.2760000228881836,[0.0,325.80034187381005]],[0.27699995040893555,[0.0,325.80034187381005]],[0.30900001525878906,[0.0,325.80034187381005]],[0.31100010871887207,[0.0,325.80034187381005]],[0.5469999313354492,[0.0,325.80034187381005]],[0.5580000877380371,[0.0,325.80034187381005]],[0.5920000076293945,[1.0,325.8003418738101]],[0.6210000514984131,[2.0,325.82637242739685]],[0.628000020980835,[3.0,325.82637242739685]],[0.6760001182556152,[4.0,326.30859089958386]],[0.6830000877380371,[6.0,326.30859089958386]],[0.7070000171661377,[7.0,327.7930265065175]],[0.7119998931884766,[8.0,327.7930265065175]],[0.7209999561309814,[10.0,327.7930265065175]],[0.752000093460083,[11.0,328.2354802116401]],[0.7799999713897705,[12.0,328.2354802116401]],[0.7839999198913574,[13.0,328.2354802116401]],[0.7860000133514404,[14.0,328.2354802116401]],[0.7869999408721924,[15.0,328.2354802116401]],[0.8010001182556152,[16.0,328.2354802116401]],[0.8299999237060547,[17.0,329.23133929327906]],[0.8320000171661377,[18.0,329.23133929327906]],[0.8369998931884766,[19.0,329.23133929327906]],[0.8380000591278076,[22.0,329.23133929327906]],[0.8389999866485596,[23.0,329.23133929327906]],[0.8510000705718994,[24.0,329.23133929327906]],[0.875,[25.0,329.23133929327906]],[0.878000020980835,[26.0,329.23133929327906]],[0.880000114440918,[27.0,329.23133929327906]],[0.8910000324249268,[31.0,329.23133929327906]],[0.9170000553131104,[32.0,329.23133929327906]],[0.9179999828338623,[35.0,329.23133929327906]],[0.9240000247955322,[36.0,329.23133929327906]],[0.9609999656677246,[37.0,329.23133929327906]],[0.9909999370574951,[38.0,329.30220593268893]],[0.9920001029968262,[39.0,329.30220593268893]],[1.0069999694824219,[40.0,329.30220593268893]],[1.0120000839233398,[41.0,329.30220593268893]],[1.0369999408721924,[42.0,329.30220593268893]],[1.062999963760376,[43.0,329.30220593268893]],[1.066999912261963,[44.0,329.30220593268893]],[1.0759999752044678,[46.0,329.34146329737547]],[1.0840001106262207,[47.0,329.34146329737547]],[1.122999906539917,[49.0,329.34146329737547]],[1.1630001068115234,[50.0,329.34146329737547]],[1.1719999313354492,[51.0,329.34146329737547]],[1.181999921798706,[52.0,329.34146329737547]],[1.190000057220459,[53.0,329.34146329737547]],[1.1949999332427979,[54.0,329.34146329737547]],[1.1979999542236328,[55.0,329.34146329737547]],[1.2009999752044678,[56.0,329.34146329737547]],[1.2149999141693115,[57.0,329.34146329737547]],[1.2239999771118164,[58.0,329.3957154381824]],[1.2290000915527344,[59.0,329.4420083169843]],[1.2620000839233398,[60.0,329.4420083169843]],[1.303999900817871,[61.0,329.4420083169843]],[1.306999921798706,[62.0,329.4420083169843]],[1.309999942779541,[64.0,329.4420083169843]],[1.321000099182129,[66.0,329.4420083169843]],[1.3289999961853027,[67.0,329.4420083169843]],[1.3369998931884766,[68.0,329.4420083169843]],[1.3489999771118164,[69.0,329.4420083169843]],[1.3510000705718994,[70.0,329.4420083169843]],[1.3519999980926514,[71.0,329.4420083169843]],[1.3819999694824219,[72.0,329.4420083169843]],[1.3919999599456787,[73.0,329.4420083169843]],[1.4070000648498535,[74.0,329.4552451176721]],[1.438999891281128,[75.0,329.4552451176721]],[1.4800000190734863,[76.0,329.4552451176721]],[1.505000114440918,[77.0,329.4552451176721]],[1.5090000629425049,[78.0,329.4552451176721]],[1.5209999084472656,[81.0,329.4552451176721]],[1.5390000343322754,[82.0,329.4552451176721]],[1.5480000972747803,[83.0,329.4552451176721]],[1.5510001182556152,[84.0,329.4552451176721]],[1.553999900817871,[85.0,329.4552451176721]],[1.5550000667572021,[86.0,329.4552451176721]],[1.556999921798706,[87.0,329.4552451176721]],[1.5729999542236328,[88.0,329.4552451176721]],[1.5759999752044678,[89.0,329.4552451176721]],[1.5789999961853027,[90.0,329.4552451176721]],[1.5829999446868896,[91.0,329.4552451176721]],[1.5889999866485596,[92.0,329.4552451176721]],[1.5929999351501465,[93.0,329.4552451176721]],[1.5969998836517334,[94.0,329.4552451176721]],[1.6349999904632568,[95.0,329.4552451176721]],[1.6670000553131104,[96.0,329.4552451176721]],[1.7039999961853027,[97.0,329.4552451176721]],[1.7079999446868896,[101.0,329.4552451176721]],[1.7109999656677246,[102.0,329.4552451176721]],[1.7209999561309814,[103.0,329.4552451176721]],[1.7400000095367432,[104.0,329.4552451176721]],[1.749000072479248,[105.0,329.4552451176721]],[1.753999948501587,[106.0,329.4552451176721]],[1.75600004196167,[108.0,329.4552451176721]],[1.7579998970031738,[109.0,329.4552451176721]],[1.7609999179840088,[110.0,329.4552451176721]],[1.7679998874664307,[111.0,329.4552451176721]],[1.7880001068115234,[112.0,329.4552451176721]],[1.7960000038146973,[113.0,329.4552451176721]],[1.8029999732971191,[114.0,329.4552451176721]],[1.809000015258789,[115.0,329.4552451176721]],[1.8310000896453857,[116.0,329.4552451176721]],[1.8559999465942383,[117.0,329.4552451176721]],[1.8640000820159912,[118.0,329.4552451176721]],