{"DeletedArcs":8,"Gap":0.0,"InfTailPath":1,"NodeCount":1543.0,"Runtime":5.39900016784668,"SimplexIterations":15796.0,"SubtourTracker":{"CutCounter":[["RCC",1382],["MSTAR",5687],["FCI",2672],["GLM",138],["CAT",12],["DKplus",2],["DKminus",1]],"CutTimer":[["RCC",212742],["MSTAR",549451],["FCI",2292809],["GLM",20862],["CAT",64146],["DKplus",3651],["DKminus",3128]],"ElementCallCounter":[["IntegerSolutions",52],["DetermineRoutes",52],["CheckRoutes",52],["IntegerRoutes",314],["SingleCustRoutes",20],["MinNumVeh",294],["DisconnectedRoutes",2],["ConnectedRoutes",292],["SingleVehicle",232],["MinVehApproxInf",60],["RoutePrechecked",179],["RoutePrecheckedNot",53],["CustCombiInfeasible",0],["CustCombiInfNot",53],["HeuristicFeas",46],["HeuristicInf",7],["CPCheck",0],["ExactLimitFeas",5],["ExactLimitInf",2],["ExactLimitUnk",0],["TwoPath",0],["TwoPathNot",2],["RegTournamentPath",1],["RegTournamentPathNot",1],["TailTournamentPath",1],["ExactFeas",0],["ExactInf",0],["ExactInvalid",0],["RevSeq",1],["RevHeurFeas",0],["RevExactFeas",1],["RevInf",0],["CheckFracSols",1556],["AddFracSolCuts",209],["BuildGraph",209],["SPHeur",3]],"ElementCallTime":[["IntegerSolutions",1696894],["DetermineRoutes",261],["CheckRoutes",1696202],["IntegerRoutes",0],["SingleCustRoutes",0],["MinNumVeh",20129],["DisconnectedRoutes",55],["ConnectedRoutes",0],["SingleVehicle",1674276],["MinVehApproxInf",1441],["RoutePrechecked",17],["RoutePrecheckedNot",0],["CustCombiInfeasible",0],["CustCombiInfNot",22],["HeuristicFeas",18442],["HeuristicInf",27231],["CPCheck",0],["ExactLimitFeas",704941],["ExactLimitInf",259969],["ExactLimitUnk",0],["TwoPath",0],["TwoPathNot",154746],["RegTournamentPath",245832],["RegTournamentPathNot",120981],["TailTournamentPath",51],["ExactFeas",0],["ExactInf",0],["ExactInvalid",0],["RevSeq",141840],["RevHeurFeas",0],["RevExactFeas",136],["RevInf",0],["CheckFracSols",3151530],["AddFracSolCuts",3151359],["BuildGraph",1856],["SPHeur",11010]],"LazyConstraintCounter":[["RCC",43],["SEC",62],["RegularTournamentPath",1],["TailTournament",1]],"LowerBoundProgress":[[0.013000011444091797,[0.0,357.62304057291317]],[0.029000043869018555,[0.0,357.62304057291317]],[0.04700016975402832,[0.0,447.5596734538024]],[0.05500006675720215,[0.0,447.5596734538024]],[0.06400012969970703,[0.0,466.0490769317508]],[0.08000016212463379,[0.0,466.0490769317508]],[0.08600020408630371,[0.0,470.6807149929688]],[0.08899998664855957,[0.0,470.6807149929688]],[0.09900021553039551,[0.0,476.55078058966643]],[0.10000014305114746,[0.0,476.55078058966643]],[0.11800003051757812,[0.0,482.70079262281536]],[0.11900019645690918,[0.0,482.70079262281536]],[0.14600014686584473,[0.0,485.25513446529345]],[0.20600008964538574,[0.0,487.0163182564606]],[0.21700000762939453,[0.0,487.0163182564606]],[0.25800013542175293,[0.0,487.2010777309295]],[0.2610001564025879,[0.0,487.2010777309295]],[0.2650001049041748,[0.0,487.23743327104927]],[0.26800012588500977,[0.0,487.23743327104927]],[0.2910001277923584,[0.0,487.49341108201276]],[0.2970001697540283,[0.0,487.49341108201276]],[0.30500006675720215,[0.0,487.6219721794571]],[0.3080000877380371,[0.0,487.6219721794571]],[0.33899998664855957,[0.0,487.9324008477845]],[0.34200000762939453,[0.0,487.9324008477845]],[0.6880002021789551,[0.0,487.9324008477845]],[0.7039999961853027,[0.0,487.9324008477845]],[0.751000165939331,[1.0,488.1825738209836]],[0.8070001602172852,[2.0,488.92471241220807]],[0.8310000896453857,[3.0,488.92471241220807]],[0.8710000514984131,[4.0,489.02349296903293]],[0.877000093460083,[5.0,489.02349296903293]],[0.9840002059936523,[6.0,489.02349296903293]],[0.999000072479248,[7.0,489.02349296903293]],[1.0310001373291016,[8.0,489.1917709535627]],[1.0460000038146973,[12.0,489.1917709535627]],[1.062000036239624,[13.0,489.1917709535627]],[1.0930001735687256,[15.0,489.1917709535627]],[1.1090002059936523,[16.0,489.1917709535627]],[1.124000072479248,[20.0,489.1917709535627]],[1.1400001049041748,[22.0,489.1917709535627]],[1.1710000038146973,[23.0,489.1917709535627]],[1.187000036239624,[25.0,489.1917709535627]],[1.2020001411437988,[27.0,489.1917709535627]],[1.2180001735687256,[30.0,489.1917709535627]],[1.2650001049041748,[31.0,489.1917709535627]],[1.2810001373291016,[33.0,489.1917709535627]],[1.3430001735687256,[36.0,489.1917709535627]],[1.3590002059936523,[38.0,489.1917709535627]],[1.4100000858306885,[39.0,489.1917709535627]],[1.4150002002716064,[40.0,489.1917709535627]],[1.4260001182556152,[41.0,489.1917709535627]],[1.430999994277954,[42.0,489.1917709535627]],[1.437000036239624,[43.0,489.1917709535627]],[1.438000202178955,[44.0,489.1917709535627]],[1.4690001010894775,[46.0,489.1917709535627]],[1.5320000648498535,[47.0,489.1917709535627]],[1.5470001697540283,[48.0,489.1917709535627]],[1.5780000686645508,[52.0,489.1917709535627]],[1.625,[54.0,489.1917709535627]],[1.6410000324249268,[55.0,489.1917709535627]],[1.688000202178955,[56.0,489.1917709535627]],[1.7030000686645508,[59.0,489.1917709535627]],[1.7190001010894775,[60.0,489.1917709535627]],[1.7350001335144043,[62.0,489.1917709535627]],[1.7970001697540283,[63.0,489.1917709535627]],[1.813000202178955,[64.0,489.1917709535627]],[1.8280000686645508,[66.0,489.1917709535627]],[1.8440001010894775,[68.0,489.1917709535627]],[1.875,[69.0,489.1917709535627]],[1.8910000324249268,[70.0,489.1917709535627]],[1.9070000648498535,[71.0,489.1917709535627]],[1.9220001697540283,[74.0,489.1917709535627]],[1.9530000686645508,[75.0,489.1917709535627]],[1.9850001335144043,[78.0,489.1917709535627]],[2.0160000324249268,[79.0,489.1917709535627]],[2.063000202178955,[80.0,489.1917709535627]],[2.0940001010894775,[81.0,489.1917709535627]],[2.1100001335144043,[82.0,489.1917709535627]],[2.4070000648498535,[84.0,489.1917709535627]],[2.4769999980926514,[85.0,489.1917709535627]],[2.6730000972747803,[86.0,489.1917709535627]],[2.6740000247955322,[87.0,489.1917709535627]],[2.6760001182556152,[88.0,489.1917709535627]],[2.682000160217285,[89.0,489.1917709535627]],[2.683000087738037,[91.0,489.1917709535627]],[2.693000078201294,[93.0,489.1917709535627]],[2.7290000915527344,[94.0,489.1917709535627]],[2.7750000953674316,[95.0,489.1917709535627]],[2.822000026702881,[96.0,489.1917709535627]],[2.8540000915527344,[98.0,489.1917709535627]],[2.9000000953674316,[99.0,489.1917709535627]],[2.9160001277923584,[101.0,489.1917709535627]],[2.9790000915527344,[104.0,489.1917709535627]],[3.0250000953674316,[105.0,489.1917709535627]],[3.0410001277923584,[108.0,489.1917709535627]],[3.057000160217285,[115.0,489.1917709535627]],[3.072000026702881,[116.0,489.1917709535627]],[3.0880000591278076,[117.0,489.1917709535627]],[3.134999990463257,[118.0,489.1917709535627]],[3.1500000953674316,[119.0,489.1917709535627]],[3.197000026702881,[120.0,489.1917709535627]],[3.2130000591278076,[123.0,489.1917709535627]],[3.2910001277923584,[124.0,489.1917709535627]],[3.308000087738037,[127.0,489.1917709535627]],[3.313000202178955,[128.0,489.1917709535627]],[3.317000150680542,[129.0,489.1917709535627]],[3.323000192642212,[130.0,489.1917709535627]],[3.3289999961853027,[131.0,489.1917709535627]],[3.3340001106262207,[132.0,489.1917709535627]],[3.3550000190734863,[133.0,489.1917709535627]],[3.3560001850128174,[136.0,489.1917709535627]],[3.3570001125335693,[138.0,489.1917709535627]],[3.371000051498413,[139.0,489.1917709535627]],[3.377000093460083,[140.0,489.1917709535627]],[3.3980000019073486,[141.0,489.1917709535627]],[3.4580001831054688,[142.0,489.1917709535627]],[3.4650001525878906,[143.0,489.1917709535627]],[3.4840002059936523,[144.0,489.1917709535627]],[3.5470001697540283,[145.0,489.1917709535627]],[3.563000202178955,[147.0,489.1917709535627]],[3.5789999961853027,[148.0,489.1917709535627]],[3.6100001335144043,[151.0,489.1917709535627]],[3.6410000324249268,[152.0,489.1917709535627]],[3.6720001697540283,[153.0,489.1917709535627]],[3.688000202178955,[155.0,489.1917709535627]],[3.7350001335144043,[158.0,489.1917709535627]],[3.751000165939331,[162.0,489.1917709535627]],[3.7690000534057617,[163.0,489.1917709535627]],