{"DeletedArcs":0,"Gap":0.0,"InfTailPath":0,"NodeCount":440.0,"Runtime":3.1110000610351562,"SimplexIterations":6609.0,"SubtourTracker":{"CutCounter":[["RCC",989],["MSTAR",5592],["FCI",2501],["GLM",47],["CAT",122],["DKplus",2],["DKminus",3]],"CutTimer":[["RCC",114699],["MSTAR",568290],["FCI",2043777],["GLM",7395],["CAT",82890],["DKplus",3238],["DKminus",2770]],"ElementCallCounter":[["IntegerSolutions",36],["DetermineRoutes",36],["CheckRoutes",36],["IntegerRoutes",147],["SingleCustRoutes",16],["MinNumVeh",131],["DisconnectedRoutes",3],["ConnectedRoutes",128],["SingleVehicle",0],["MinVehApproxInf",41],["RoutePrechecked",0],["RoutePrecheckedNot",0],["CustCombiInfeasible",0],["CustCombiInfNot",0],["HeuristicFeas",0],["HeuristicInf",0],["CPCheck",0],["ExactLimitFeas",0],["ExactLimitInf",0],["ExactLimitUnk",0],["TwoPath",0],["TwoPathNot",0],["RegTournamentPath",0],["RegTournamentPathNot",0],["TailTournamentPath",0],["ExactFeas",0],["ExactInf",0],["ExactInvalid",0],["RevSeq",0],["RevHeurFeas",0],["RevExactFeas",0],["RevInf",0],["CheckFracSols",445],["AddFracSolCuts",168],["BuildGraph",168],["SPHeur",4]],"ElementCallTime":[["IntegerSolutions",12345],["DetermineRoutes",155],["CheckRoutes",11942],["IntegerRoutes",0],["SingleCustRoutes",0],["MinNumVeh",10541],["DisconnectedRoutes",124],["ConnectedRoutes",0],["SingleVehicle",0],["MinVehApproxInf",1171],["RoutePrechecked",0],["RoutePrecheckedNot",0],["CustCombiInfeasible",0],["CustCombiInfNot",0],["HeuristicFeas",0],["HeuristicInf",0],["CPCheck",0],["ExactLimitFeas",0],["ExactLimitInf",0],["ExactLimitUnk",0],["TwoPath",0],["TwoPathNot",0],["RegTournamentPath",0],["RegTournamentPathNot",0],["TailTournamentPath",0],["ExactFeas",0],["ExactInf",0],["ExactInvalid",0],["RevSeq",0],["RevHeurFeas",0],["RevExactFeas",0],["RevInf",0],["CheckFracSols",2827617],["AddFracSolCuts",2827452],["BuildGraph",1417],["SPHeur",4860]],"LazyConstraintCounter":[["RCC",36],["SEC",44]],"LowerBoundProgress":[[0.01399993896484375,[0.0,321.3793972558201]],[0.023000001907348633,[0.0,321.3793972558201]],[0.04200005531311035,[0.0,335.46778653891147]],[0.04900002479553223,[0.0,335.46778653891147]],[0.059999942779541016,[0.0,345.09695488766266]],[0.06500005722045898,[0.0,345.09695488766266]],[0.08699989318847656,[0.0,347.89468290691786]],[0.09299993515014648,[0.0,347.89468290691786]],[0.10299992561340332,[0.0,348.3035822793083]],[0.10400009155273438,[0.0,348.3035822793083]],[0.12800002098083496,[0.0,348.3035822793083]],[0.14400005340576172,[0.0,348.3035822793083]],[0.17299985885620117,[1.0,348.8009057111249]],[0.18599987030029297,[2.0,348.8009057111249]],[0.2200000286102295,[3.0,348.97990994187643]],[0.2569999694824219,[4.0,349.0387830769294]],[0.2929999828338623,[5.0,349.5258673246832]],[0.30699992179870605,[7.0,349.5258673246832]],[0.3320000171661377,[8.0,349.5258673246832]],[0.3529999256134033,[9.0,349.5258673246832]],[0.3599998950958252,[10.0,349.6800104196408]],[0.372999906539917,[11.0,349.6800104196408]],[0.3880000114440918,[12.0,349.6800104196408]],[0.4240000247955322,[13.0,349.6800104196408]],[0.45399999618530273,[14.0,349.6800104196408]],[0.4779999256134033,[15.0,349.6800104196408]],[0.49199986457824707,[16.0,349.6800104196408]],[0.5,[17.0,349.6800104196408]],[0.5109999179840088,[18.0,349.6800104196408]],[0.5120000839233398,[19.0,349.6800104196408]],[0.5279998779296875,[20.0,349.6800104196408]],[0.5439999103546143,[22.0,349.6800104196408]],[0.5789999961853027,[23.0,349.6800104196408]],[0.6019999980926514,[24.0,349.6800104196408]],[0.619999885559082,[25.0,349.6800104196408]],[0.6380000114440918,[26.0,349.6800104196408]],[0.6459999084472656,[27.0,349.6800104196408]],[0.6529998779296875,[28.0,349.6800104196408]],[0.6629998683929443,[30.0,349.6800104196408]],[0.6809999942779541,[31.0,349.6800104196408]],[0.7000000476837158,[32.0,349.6800104196408]],[0.7200000286102295,[33.0,349.6800104196408]],[0.7319998741149902,[34.0,349.6800104196408]],[0.7709999084472656,[36.0,349.6800104196408]],[0.7749998569488525,[37.0,349.6800104196408]],[0.7779998779296875,[38.0,349.6800104196408]],[0.7939999103546143,[39.0,349.6800104196408]],[0.810999870300293,[40.0,349.6800104196408]],[0.8310000896453857,[41.0,349.6800104196408]],[0.8689999580383301,[43.0,349.6800104196408]],[0.9070000648498535,[44.0,349.6800104196408]],[0.9079999923706055,[45.0,349.6800104196408]],[0.9240000247955322,[46.0,349.6800104196408]],[0.9579999446868896,[47.0,349.6800104196408]],[1.0,[48.0,349.6800104196408]],[1.0149998664855957,[49.0,349.6800104196408]],[1.0220000743865967,[50.0,349.6800104196408]],[1.0339999198913574,[51.0,349.6800104196408]],[1.0829999446868896,[52.0,349.6800104196408]],[1.0939998626708984,[54.0,349.6800104196408]],[1.1359999179840088,[55.0,349.6800104196408]],[1.1740000247955322,[56.0,349.6800104196408]],[1.187999963760376,[57.0,349.6800104196408]],[1.2019999027252197,[58.0,349.6800104196408]],[1.2039999961853027,[59.0,349.6800104196408]],[1.2060000896453857,[60.0,349.6800104196408]],[1.2369999885559082,[61.0,349.6800104196408]],[1.252000093460083,[62.0,349.6800104196408]],[1.2909998893737793,[63.0,349.6800104196408]],[1.3259999752044678,[64.0,349.6800104196408]],[1.3569998741149902,[65.0,349.6800104196408]],[1.3619999885559082,[66.0,349.6800104196408]],[1.3949999809265137,[68.0,349.6800104196408]],[1.3999998569488525,[69.0,349.6800104196408]],[1.4110000133514404,[70.0,349.6800104196408]],[1.4449999332427979,[71.0,349.6800104196408]],[1.4830000400543213,[72.0,349.6800104196408]],[1.503999948501587,[73.0,349.6800104196408]],[1.5090000629425049,[75.0,349.6800104196408]],[1.5149998664855957,[76.0,349.6800104196408]],[1.5199999809265137,[77.0,349.6800104196408]],[1.562999963760376,[78.0,349.6800104196408]],[1.6050000190734863,[79.0,349.6800104196408]],[1.6110000610351562,[80.0,349.6800104196408]],[1.6150000095367432,[81.0,349.6800104196408]],[1.6489999294281006,[82.0,349.6800104196408]],[1.688999891281128,[83.0,349.6800104196408]],[1.693000078201294,[84.0,349.6800104196408]],[1.7319998741149902,[86.0,349.6800104196408]],[1.7720000743865967,[87.0,349.6800104196408]],[1.7829999923706055,[88.0,349.6800104196408]],[1.7929999828338623,[89.0,349.6800104196408]],[1.8299999237060547,[91.0,349.6800104196408]],[1.8680000305175781,[92.0,349.6800104196408]],[1.9100000858306885,[93.0,349.6800104196408]],[1.940999984741211,[94.0,349.6800104196408]],[1.9619998931884766,[95.0,349.6800104196408]],[1.9689998626708984,[96.0,349.6800104196408]],[1.9719998836517334,[98.0,349.6800104196408]],[1.9860000610351562,[100.0,349.6800104196408]],[1.991999864578247,[101.0,349.6800104196408]],[2.0139999389648438,[102.0,349.6800104196408]],[2.0460000038146973,[105.0,349.6800104196408]],[2.068000078201294,[106.0,349.6800104196408]],[2.0799999237060547,[107.0,349.6800104196408]],[2.0920000076293945,[108.0,349.6800104196408]],[2.121999979019165,[110.0,349.6800104196408]],[2.1470000743865967,[111.0,349.6800104196408]],[2.184000015258789,[112.0,349.6800104196408]],[2.2249999046325684,[115.0,349.6800104196408]],[2.260999917984009,[116.0,349.6800104196408]],[2.2899999618530273,[117.0,349.6800104196408]],[2.302000045776367,[118.0,349.6800104196408]],[2.316999912261963,[119.0,349.6800104196408]],[2.319999933242798,[120.0,349.6800104196408]],[2.3439998626708984,[122.0,349.6800104196408]],[2.3610000610351562,[123.0,349.6800104196408]],[2.375999927520752,[124.0,349.6800104196408]],[2.4019999504089355,[125.0,349.6800104196408]],[2.427999973297119,[127.0,349.6800104196408]],[2.428999900817871,[128.0,349.6800104196408]],[2.434000015258789,[130.0,349.6800104196408]],[2.440000057220459,[131.0,349.6800104196408]],[2.44599986076355,[132.0,349.6800104196408]],[2.4589998722076416,[133.0,349.6800104196408]],[2.4700000286102295,[134.0,349.6800104196408]],[2.503999948501587,[135.0,349.6800104196408]],[2.507999897003174,[136.0,349.6800104196408]],[2.509000062942505,[137.0,349.6800104196408]],[2.5299999713897705,[139.0,349.6800104196408]],[2.5490000247955322,[140.0,349.6800104196408]],[2.5739998817443848,[141.0,