{"DeletedArcs":10,"Gap":0.0,"InfTailPath":0,"NodeCount":1.0,"Runtime":0.3490002155303955,"SimplexIterations":596.0,"SubtourTracker":{"CutCounter":[["RCC",112],["MSTAR",95],["FCI",5],["GLM",2],["CAT",2]],"CutTimer":[["RCC",144700],["MSTAR",11086],["FCI",2690],["GLM",416],["CAT",4393],["DKplus",314],["DKminus",312]],"ElementCallCounter":[["IntegerSolutions",24],["DetermineRoutes",24],["CheckRoutes",24],["IntegerRoutes",100],["SingleCustRoutes",27],["MinNumVeh",73],["DisconnectedRoutes",4],["ConnectedRoutes",69],["SingleVehicle",0],["MinVehApproxInf",31],["RoutePrechecked",0],["RoutePrecheckedNot",0],["CustCombiInfeasible",0],["CustCombiInfNot",0],["HeuristicFeas",0],["HeuristicInf",0],["CPCheck",0],["ExactLimitFeas",0],["ExactLimitInf",0],["ExactLimitUnk",0],["TwoPath",0],["TwoPathNot",0],["RegTournamentPath",0],["RegTournamentPathNot",0],["TailTournamentPath",0],["ExactFeas",0],["ExactInf",0],["ExactInvalid",0],["RevSeq",0],["RevHeurFeas",0],["RevExactFeas",0],["RevInf",0],["CheckFracSols",10],["AddFracSolCuts",10],["BuildGraph",10],["SPHeur",2]],"ElementCallTime":[["IntegerSolutions",59239],["DetermineRoutes",110],["CheckRoutes",58925],["IntegerRoutes",0],["SingleCustRoutes",0],["MinNumVeh",57494],["DisconnectedRoutes",70],["ConnectedRoutes",0],["SingleVehicle",0],["MinVehApproxInf",1283],["RoutePrechecked",0],["RoutePrecheckedNot",0],["CustCombiInfeasible",0],["CustCombiInfNot",0],["HeuristicFeas",0],["HeuristicInf",0],["CPCheck",0],["ExactLimitFeas",0],["ExactLimitInf",0],["ExactLimitUnk",0],["TwoPath",0],["TwoPathNot",0],["RegTournamentPath",0],["RegTournamentPathNot",0],["TailTournamentPath",0],["ExactFeas",0],["ExactInf",0],["ExactInvalid",0],["RevSeq",0],["RevHeurFeas",0],["RevExactFeas",0],["RevInf",0],["CheckFracSols",164181],["AddFracSolCuts",164168],["BuildGraph",128],["SPHeur",1347]],"LazyConstraintCounter":[["SEC",35]],"LowerBoundProgress":[[0.06700015068054199,[0.0,622.2141679859999]],[0.07800006866455078,[0.0,622.2141679859999]],[0.08500003814697266,[0.0,629.1477961743487]],[0.10100007057189941,[0.0,629.1477961743487]],[0.15000009536743164,[0.0,632.5812630454321]],[0.16100001335144043,[0.0,632.5812630454321]],[0.21900010108947754,[0.0,648.4561888162085]],[0.22300004959106445,[0.0,648.4561888162085]],[0.24400019645690918,[0.0,655.2078133586137]],[0.252000093460083,[0.0,655.2078133586137]],[0.257000207901001,[0.0,655.8340999930352]],[0.2700002193450928,[0.0,655.8340999930352]],[0.27700018882751465,[0.0,656.2950002001297]],[0.2800002098083496,[0.0,656.2950002001297]],[0.29400014877319336,[0.0,656.6297799893898]],[0.2970001697540283,[0.0,656.6297799893898]],[0.3059999942779541,[0.0,656.6297799893898]],[0.3130002021789551,[0.0,656.6297799893898]],[0.31400012969970703,[0.0,656.6297799893898]],[0.31800007820129395,[0.0,656.6297799893898]],[0.3430001735687256,[0.0,656.6316641388768]],[0.3450000286102295,[0.0,656.6316641388768]],[0.34800004959106445,[0.0,658.2098350851722]]],"UpperBoundProgress":[[0.002000093460083008,[706.3696566668415,false]],[0.26000022888183594,[691.2816291994532,false]],[0.2990000247955322,[660.5329680973692,false]],[0.3020000457763672,[658.2098350851722,false]]]},"Timer":{"Branch&Cut":0.3515519,"InfeasibleArcs":5.5e-06,"LowerBoundVehicles":0.0215946,"StartSolution":0.0015198}}