{"DeletedArcs":8,"Gap":0.0,"InfTailPath":0,"NodeCount":663.0,"Runtime":3.2139999866485596,"SimplexIterations":8877.0,"SubtourTracker":{"CutCounter":[["RCC",966],["MSTAR",4065],["FCI",2306],["GLM",98],["CAT",9],["DKplus",4],["DKminus",2]],"CutTimer":[["RCC",152792],["MSTAR",448662],["FCI",1930705],["GLM",15337],["CAT",70842],["DKplus",3228],["DKminus",2814]],"ElementCallCounter":[["IntegerSolutions",58],["DetermineRoutes",58],["CheckRoutes",58],["IntegerRoutes",349],["SingleCustRoutes",21],["MinNumVeh",328],["DisconnectedRoutes",1],["ConnectedRoutes",327],["SingleVehicle",256],["MinVehApproxInf",71],["RoutePrechecked",202],["RoutePrecheckedNot",54],["CustCombiInfeasible",0],["CustCombiInfNot",54],["HeuristicFeas",53],["HeuristicInf",1],["CPCheck",0],["ExactLimitFeas",1],["ExactLimitInf",0],["ExactLimitUnk",0],["TwoPath",0],["TwoPathNot",0],["RegTournamentPath",0],["RegTournamentPathNot",0],["TailTournamentPath",0],["ExactFeas",0],["ExactInf",0],["ExactInvalid",0],["RevSeq",0],["RevHeurFeas",0],["RevExactFeas",0],["RevInf",0],["CheckFracSols",670],["AddFracSolCuts",186],["BuildGraph",186],["SPHeur",3]],"ElementCallTime":[["IntegerSolutions",162440],["DetermineRoutes",316],["CheckRoutes",161689],["IntegerRoutes",0],["SingleCustRoutes",0],["MinNumVeh",23719],["DisconnectedRoutes",38],["ConnectedRoutes",0],["SingleVehicle",136018],["MinVehApproxInf",1596],["RoutePrechecked",3],["RoutePrecheckedNot",1],["CustCombiInfeasible",0],["CustCombiInfNot",15],["HeuristicFeas",7618],["HeuristicInf",18483],["CPCheck",0],["ExactLimitFeas",109738],["ExactLimitInf",0],["ExactLimitUnk",0],["TwoPath",0],["TwoPathNot",0],["RegTournamentPath",0],["RegTournamentPathNot",0],["TailTournamentPath",0],["ExactFeas",0],["ExactInf",0],["ExactInvalid",0],["RevSeq",0],["RevHeurFeas",0],["RevExactFeas",0],["RevInf",0],["CheckFracSols",2628683],["AddFracSolCuts",2628548],["BuildGraph",1747],["SPHeur",6214]],"LazyConstraintCounter":[["RCC",67],["SEC",72]],"LowerBoundProgress":[[0.009000062942504883,[0.0,357.62304057291317]],[0.021000146865844727,[0.0,357.62304057291317]],[0.032000064849853516,[0.0,413.91654614357094]],[0.03900003433227539,[0.0,413.91654614357094]],[0.04800009727478027,[0.0,460.6655921713385]],[0.06400012969970703,[0.0,460.6655921713385]],[0.07200002670288086,[0.0,471.6420596756913]],[0.08800005912780762,[0.0,471.6420596756913]],[0.11400008201599121,[0.0,477.5578766653591]],[0.1360001564025879,[0.0,477.5578766653591]],[0.15600013732910156,[0.0,486.3919496087903]],[0.16000008583068848,[0.0,486.3919496087903]],[0.16900014877319336,[0.0,487.3353800456397]],[0.17100000381469727,[0.0,487.3353800456397]],[0.30900001525878906,[0.0,487.3353800456397]],[0.3210000991821289,[0.0,487.3353800456397]],[0.3360002040863037,[1.0,487.49341108201014]],[0.3600001335144043,[2.0,488.2734481349895]],[0.3680000305175781,[3.0,488.2734481349895]],[0.41500020027160645,[4.0,488.483278041563]],[0.4850001335144043,[5.0,488.483278041563]],[0.502000093460083,[6.0,488.483278041563]],[0.5329999923706055,[8.0,488.5625413148981]],[0.5490000247955322,[9.0,488.5625413148981]],[0.570000171661377,[12.0,488.5625413148981]],[0.5789999961853027,[13.0,488.5625413148983]],[0.5930001735687256,[14.0,488.5625413148983]],[0.6010000705718994,[15.0,488.5625413148983]],[0.6130001544952393,[16.0,488.5625413148983]],[0.6170001029968262,[17.0,488.5625413148983]],[0.6220002174377441,[18.0,488.5625413148983]],[0.632000207901001,[19.0,488.5625413148983]],[0.6480000019073486,[20.0,488.5625413148983]],[0.6820001602172852,[21.0,488.5625413148983]],[0.687000036239624,[22.0,488.5625413148983]],[0.6940000057220459,[23.0,488.5625413148983]],[0.7020001411437988,[24.0,488.5625413148983]],[0.7060000896453857,[25.0,488.5625413148983]],[0.7220001220703125,[26.0,488.5625413148983]],[0.7380001544952393,[27.0,488.5625413148983]],[0.754000186920166,[28.0,488.5625413148983]],[0.8030002117156982,[30.0,488.5625413148983]],[0.8470001220703125,[32.0,488.5625413148983]],[0.878000020980835,[33.0,488.5625413148983]],[0.8940000534057617,[36.0,488.5625413148983]],[0.9260001182556152,[37.0,488.7265640059325]],[0.9890000820159912,[38.0,488.7265640059325]],[1.0329999923706055,[39.0,488.7265640059325]],[1.0370001792907715,[40.0,488.7265640059325]],[1.069000005722046,[41.0,488.7265640059325]],[1.0840001106262207,[43.0,488.7265640059325]],[1.132000207901001,[46.0,488.83188116342086]],[1.1640000343322754,[47.0,488.83188116342086]],[1.1800000667572021,[48.0,488.83188116342086]],[1.189000129699707,[51.0,488.83188116342086]],[1.196000099182129,[52.0,488.83188116342086]],[1.2210001945495605,[53.0,488.83188116342086]],[1.2220001220703125,[54.0,488.83188116342086]],[1.2260000705718994,[56.0,488.83188116342086]],[1.2280001640319824,[57.0,488.83188116342086]],[1.2380001544952393,[58.0,488.83188116342086]],[1.2390000820159912,[59.0,488.83188116342086]],[1.252000093460083,[60.0,488.83188116342086]],[1.2590000629425049,[61.0,488.83188116342114]],[1.3930001258850098,[62.0,488.83188116342114]],[1.4079999923706055,[63.0,488.83188116342114]],[1.4100000858306885,[64.0,488.83188116342114]],[1.4250001907348633,[68.0,488.83188116342114]],[1.44100022315979,[71.0,488.83188116342114]],[1.4570000171661377,[76.0,488.83188116342114]],[1.4730000495910645,[77.0,488.83188116342114]],[1.4890000820159912,[78.0,488.83188116342114]],[1.505000114440918,[80.0,488.83188116342114]],[1.5520000457763672,[82.0,488.83188116342114]],[1.564000129699707,[83.0,488.83188116342114]],[1.568000078201294,[84.0,488.83188116342114]],[1.5840001106262207,[89.0,488.83188116342114]],[1.6000001430511475,[92.0,488.83188116342114]],[1.6160001754760742,[93.0,488.83188116342114]],[1.632000207901001,[94.0,488.83188116342114]],[1.6640000343322754,[95.0,488.83188116342114]],[1.695000171661377,[98.0,488.83188116342114]],[1.7420001029968262,[99.0,488.83188116342114]],[1.7829999923706055,[100.0,488.83188116342114]],[1.815000057220459,[101.0,488.83188116342114]],[1.8240001201629639,[102.0,488.83188116342114]],[1.8260002136230469,[103.0,488.83188116342114]],[1.8270001411437988,[104.0,488.83188116342114]],[1.8280000686645508,[106.0,488.83188116342114]],[1.8289999961853027,[107.0,488.83188116342114]],[1.8370001316070557,[109.0,488.83188116342114]],[1.878000020980835,[110.0,488.83188116342114]],[1.9260001182556152,[114.0,488.83188116342114]],[1.9740002155303955,[115.0,488.83188116342114]],[2.0329999923706055,[116.0,488.83188116342114]],[2.0370001792907715,[117.0,488.83188116342114]],[2.0530002117156982,[118.0,488.83188116342114]],[2.0850000381469727,[119.0,488.83188116342114]],[2.1010000705718994,[120.0,488.83188116342114]],[2.1540000438690186,[124.0,488.83188116342114]],[2.188000202178955,[125.0,488.83188116342114]],[2.194000005722046,[126.0,488.83188116342114]],[2.196000099182129,[127.0,488.83188116342114]],[2.197000026702881,[128.0,488.83188116342114]],[2.2220001220703125,[129.0,488.83188116342114]],[2.2310001850128174,[130.0,488.83188116342114]],[2.2960000038146973,[131.0,488.83188116342114]],[2.330000162124634,[132.0,488.83188116342114]],[2.3370001316070557,[133.0,488.83188116342114]],[2.3400001525878906,[134.0,488.83188116342114]],[2.4030001163482666,[135.0,488.83188116342114]],[2.4710001945495605,[137.0,488.83188116342114]],[2.502000093460083,[138.0,488.83188116342114]],[2.514000177383423,[139.0,488.83188116342114]],[2.5460000038146973,[140.0,488.83188116342114]],[2.578000068664551,[141.0,488.9525692963122]],[2.5950000286102295,[144.0,488.9525692963122]],[2.6100001335144043,[148.0,488.9525692963123]],[2.627000093460083,[149.0,488.9525692963123]],[2.642000198364258,[150.0,488.9525692963123]],[2.6579999923706055,[152.0,488.9525692963123]],[2.689000129699707,[173.0,488.9525692963123]],[2.705000162124634,[174.0,488.9525692963123]],[2.7200000286102295,[175.0,488.9525692963123]],[2.751000165939331,[177.0,488.9525692963123]],[2.819000005722046,[181.0,488.9525692963123]],[2.861999988555908,[182.0,488.9525692963123]],[2.8960001468658447,[185.0,488.9525692963123]],[2.9020001888275146,[186.0,488.9525692963123]],[2.9090001583099365,