{"DeletedArcs":2,"Gap":0.0,"InfTailPath":0,"NodeCount":1.0,"Runtime":0.3229999542236328,"SimplexIterations":695.0,"SubtourTracker":{"CutCounter":[["RCC",68],["MSTAR",148],["FCI",7],["GLM",4],["CAT",10],["DKplus",3],["DKminus",1]],"CutTimer":[["RCC",57602],["MSTAR",16620],["FCI",9652],["GLM",1045],["CAT",2014],["DKplus",256],["DKminus",208]],"ElementCallCounter":[["IntegerSolutions",29],["DetermineRoutes",29],["CheckRoutes",29],["IntegerRoutes",156],["SingleCustRoutes",36],["MinNumVeh",120],["DisconnectedRoutes",11],["ConnectedRoutes",109],["SingleVehicle",0],["MinVehApproxInf",34],["RoutePrechecked",0],["RoutePrecheckedNot",0],["CustCombiInfeasible",0],["CustCombiInfNot",0],["HeuristicFeas",0],["HeuristicInf",0],["CPCheck",0],["ExactLimitFeas",0],["ExactLimitInf",0],["ExactLimitUnk",0],["TwoPath",0],["TwoPathNot",0],["RegTournamentPath",0],["RegTournamentPathNot",0],["TailTournamentPath",0],["ExactFeas",0],["ExactInf",0],["ExactInvalid",0],["RevSeq",0],["RevHeurFeas",0],["RevExactFeas",0],["RevInf",0],["CheckFracSols",9],["AddFracSolCuts",9],["BuildGraph",9],["SPHeur",2]],"ElementCallTime":[["IntegerSolutions",34293],["DetermineRoutes",169],["CheckRoutes",33763],["IntegerRoutes",0],["SingleCustRoutes",0],["MinNumVeh",31889],["DisconnectedRoutes",372],["ConnectedRoutes",0],["SingleVehicle",0],["MinVehApproxInf",1395],["RoutePrechecked",0],["RoutePrecheckedNot",0],["CustCombiInfeasible",0],["CustCombiInfNot",0],["HeuristicFeas",0],["HeuristicInf",0],["CPCheck",0],["ExactLimitFeas",0],["ExactLimitInf",0],["ExactLimitUnk",0],["TwoPath",0],["TwoPathNot",0],["RegTournamentPath",0],["RegTournamentPathNot",0],["TailTournamentPath",0],["ExactFeas",0],["ExactInf",0],["ExactInvalid",0],["RevSeq",0],["RevHeurFeas",0],["RevExactFeas",0],["RevInf",0],["CheckFracSols",87689],["AddFracSolCuts",87681],["BuildGraph",160],["SPHeur",3941]],"LazyConstraintCounter":[["SEC",45]],"LowerBoundProgress":[[0.010999917984008789,[0.0,405.9125287515889]],[0.029999971389770508,[0.0,405.9125287515889]],[0.042999982833862305,[0.0,556.5690975021718]],[0.11700010299682617,[0.0,556.5690975021718]],[0.1230001449584961,[0.0,575.5288532366952]],[0.13899993896484375,[0.0,575.5288532366952]],[0.14100003242492676,[0.0,581.9150480434047]],[0.15400004386901855,[0.0,581.9150480434047]],[0.1660001277923584,[0.0,592.4294694417124]],[0.18799996376037598,[0.0,592.4294694417124]],[0.22699999809265137,[0.0,594.6326824080185]],[0.22900009155273438,[0.0,594.6326824080185]],[0.24099993705749512,[0.0,594.6326824080185]],[0.2569999694824219,[0.0,594.6326824080185]],[0.26399993896484375,[0.0,594.6326824080185]],[0.2739999294281006,[0.0,594.6326824080185]],[0.30100011825561523,[0.0,594.6326824080185]],[0.3040001392364502,[0.0,594.6326824080185]],[0.31100010871887207,[0.0,596.671634793627]],[0.312000036239624,[0.0,596.671634793627]],[0.32200002670288086,[0.0,596.7594699753629]]],"UpperBoundProgress":[[0.002000093460083008,[662.7528121224038,false]],[0.22699999809265137,[609.5990002648192,true]],[0.32200002670288086,[596.7594699753631,false]]]},"Timer":{"Branch&Cut":0.3265391,"InfeasibleArcs":3.9e-06,"LowerBoundVehicles":0.0082649,"StartSolution":0.0017656}}