{"DeletedArcs":14,"Gap":0.0,"InfTailPath":0,"NodeCount":203.0,"Runtime":4.235000133514404,"SimplexIterations":2864.0,"SubtourTracker":{"CutCounter":[["RCC",1218],["MSTAR",5483],["FCI",3499],["GLM",80],["CAT",13]],"CutTimer":[["RCC",161859],["MSTAR",536958],["FCI",3133377],["GLM",11328],["CAT",102540],["DKplus",2459],["DKminus",2132]],"ElementCallCounter":[["IntegerSolutions",34],["DetermineRoutes",34],["CheckRoutes",34],["IntegerRoutes",204],["SingleCustRoutes",39],["MinNumVeh",165],["DisconnectedRoutes",0],["ConnectedRoutes",165],["SingleVehicle",117],["MinVehApproxInf",48],["RoutePrechecked",91],["RoutePrecheckedNot",26],["CustCombiInfeasible",0],["CustCombiInfNot",26],["HeuristicFeas",26],["HeuristicInf",0],["CPCheck",0],["ExactLimitFeas",0],["ExactLimitInf",0],["ExactLimitUnk",0],["TwoPath",0],["TwoPathNot",0],["RegTournamentPath",0],["RegTournamentPathNot",0],["TailTournamentPath",0],["ExactFeas",0],["ExactInf",0],["ExactInvalid",0],["RevSeq",0],["RevHeurFeas",0],["RevExactFeas",0],["RevInf",0],["CheckFracSols",225],["AddFracSolCuts",134],["BuildGraph",134],["SPHeur",2]],"ElementCallTime":[["IntegerSolutions",29071],["DetermineRoutes",163],["CheckRoutes",28640],["IntegerRoutes",0],["SingleCustRoutes",0],["MinNumVeh",23110],["DisconnectedRoutes",0],["ConnectedRoutes",0],["SingleVehicle",4150],["MinVehApproxInf",1208],["RoutePrechecked",0],["RoutePrecheckedNot",0],["CustCombiInfeasible",0],["CustCombiInfNot",25],["HeuristicFeas",4044],["HeuristicInf",0],["CPCheck",0],["ExactLimitFeas",0],["ExactLimitInf",0],["ExactLimitUnk",0],["TwoPath",0],["TwoPathNot",0],["RegTournamentPath",0],["RegTournamentPathNot",0],["TailTournamentPath",0],["ExactFeas",0],["ExactInf",0],["ExactInvalid",0],["RevSeq",0],["RevHeurFeas",0],["RevExactFeas",0],["RevInf",0],["CheckFracSols",3954936],["AddFracSolCuts",3954809],["BuildGraph",1162],["SPHeur",7137]],"LazyConstraintCounter":[["RCC",4],["SEC",48]],"LowerBoundProgress":[[0.016000032424926758,[0.0,371.7654549054349]],[0.02500009536743164,[0.0,371.7654549054349]],[0.03400015830993652,[0.0,392.5782135427589]],[0.04200005531311035,[0.0,392.5782135427589]],[0.04900002479553223,[0.0,401.711148986601]],[0.06300020217895508,[0.0,401.711148986601]],[0.07400012016296387,[0.0,409.78703753164837]],[0.08700013160705566,[0.0,409.78703753164837]],[0.12100005149841309,[0.0,416.0123939781823]],[0.12600016593933105,[0.0,416.0123939781823]],[0.1360001564025879,[0.0,419.36545740597404]],[0.14800000190734863,[0.0,420.6103262691808]],[0.1830000877380371,[0.0,422.50042363518514]],[0.18400001525878906,[0.0,422.50042363518514]],[0.2200000286102295,[0.0,423.19712935155326]],[0.22100019454956055,[0.0,423.19712935155326]],[0.29400014877319336,[0.0,423.65816666198594]],[0.2950000762939453,[0.0,423.65816666198594]],[0.33500003814697266,[0.0,424.08049582218547]],[0.3360002040863037,[0.0,424.08049582218547]],[0.35199999809265137,[0.0,424.25115305761284]],[0.3530001640319824,[0.0,424.25115305761284]],[0.3970000743865967,[0.0,424.5546580162788]],[0.39800000190734863,[0.0,424.5546580162788]],[0.4090001583099365,[0.0,424.6007308818964]],[0.4100000858306885,[0.0,424.6007308818964]],[0.4530000686645508,[0.0,425.62934672614534]],[0.45400023460388184,[0.0,425.62934672614534]],[0.5120000839233398,[0.0,426.20658420510176]],[0.5130000114440918,[0.0,426.20658420510176]],[0.5560002326965332,[0.0,426.2972619226256]],[0.5570001602172852,[0.0,426.2972619226256]],[0.6050000190734863,[0.0,426.3237701328416]],[0.6090002059936523,[0.0,426.3237701328416]],[0.6450002193450928,[0.0,426.5154681527957]],[0.6510000228881836,[0.0,426.5154681527957]],[0.6690001487731934,[0.0,426.541815686815]],[0.6730000972747803,[0.0,426.541815686815]],[0.7160000801086426,[0.0,426.54745629060375]],[0.7190001010894775,[0.0,426.54745629060375]],[0.7680001258850098,[0.0,426.54745629060375]],[0.7720000743865967,[0.0,426.54745629060375]],[0.8370001316070557,[0.0,426.54745629060375]],[0.8500001430511475,[0.0,426.54745629060375]],[0.8980000019073486,[1.0,426.5474562906038]],[0.94100022315979,[2.0,426.699200006247]],[0.9850001335144043,[3.0,426.699200006247]],[1.0310001373291016,[4.0,426.699200006247]],[1.063000202178955,[5.0,426.699200006247]],[1.1100001335144043,[6.0,427.5369965833762]],[1.1590001583099365,[7.0,427.5369965833762]],[1.194000005722046,[8.0,427.5369965833762]],[1.2130000591278076,[9.0,427.5369965833762]],[1.2160000801086426,[10.0,427.5369965833762]],[1.253000020980835,[11.0,427.5369965833762]],[1.2960000038146973,[12.0,427.80820673728056]],[1.3480000495910645,[13.0,428.18596415935355]],[1.380000114440918,[14.0,428.18596415935355]],[1.4280002117156982,[15.0,428.18596415935355]],[1.4590001106262207,[16.0,428.18596415935355]],[1.5140001773834229,[17.0,428.18596415935355]],[1.5530002117156982,[18.0,428.18596415935355]],[1.56600022315979,[19.0,428.18596415935355]],[1.6050000190734863,[20.0,428.2852210718693]],[1.6520001888275146,[21.0,428.2852210718693]],[1.6610000133514404,[22.0,428.2852210718693]],[1.6760001182556152,[23.0,428.2852210718693]],[1.7120001316070557,[24.0,428.2852210718693]],[1.746000051498413,[25.0,428.2852210718693]],[1.7800002098083496,[26.0,428.2852210718693]],[1.7960000038146973,[27.0,428.2852210718693]],[1.812000036239624,[28.0,428.2852210718693]],[1.8280000686645508,[29.0,428.32612332859867]],[1.8450000286102295,[30.0,428.32612332859867]],[1.8590002059936523,[31.0,428.32612332859867]],[1.8900001049041748,[32.0,428.32612332859867]],[1.936000108718872,[33.0,428.32612332859867]],[1.9520001411437988,[35.0,428.32612332859867]],[1.9680001735687256,[36.0,428.32612332859867]],[1.9830000400543213,[37.0,428.32612332859867]],[2.0300002098083496,[38.0,428.32612332859867]],[2.0460000038146973,[39.0,428.32612332859867]],[2.061000108718872,[40.0,428.32612332859867]],[2.077000141143799,[41.0,428.32612332859867]],[2.1460001468658447,[42.0,428.32612332859867]],[2.1640000343322754,[43.0,428.32612332859867]],[2.180000066757202,[44.0,428.32612332859867]],[2.197000026702881,[45.0,428.32612332859867]],[2.240000009536743,[46.0,428.32612332859867]],[2.251000165939331,[47.0,428.32612332859867]],[2.2990000247955322,[48.0,428.32612332859867]],[2.314000129699707,[50.0,428.32612332859867]],[2.3620002269744873,[51.0,428.32612332859867]],[2.382000207901001,[53.0,428.32612332859867]],[2.38700008392334,[55.0,428.32612332859867]],[2.43500018119812,[56.0,428.32612332859867]],[2.4730000495910645,[57.0,428.32612332859867]],[2.489000082015991,[58.0,428.32612332859867]],[2.505000114440918,[60.0,428.32612332859867]],[2.5210001468658447,[61.0,428.32612332859867]],[2.5370001792907715,[62.0,428.32612332859867]],[2.5530002117156982,[63.0,428.32612332859867]],[2.5850000381469727,[72.0,428.32612332859867]],[2.632000207901001,[73.0,428.32612332859867]],[2.6480000019073486,[85.0,428.32612332859867]],[2.695000171661377,[88.0,428.32612332859867]],[2.743000030517578,[89.0,428.32612332859867]],[2.7930002212524414,[95.0,428.32612332859867]],[2.812000036239624,[96.0,428.32612332859867]],[2.818000078201294,[100.0,428.32612332859867]],[2.869000196456909,[101.0,428.32612332859867]],[2.9060001373291016,[102.0,428.32612332859867]],[2.938000202178955,[104.0,428.32612332859867]],[2.954000234603882,[105.0,428.32612332859867]],[2.9700000286102295,[107.0,428.32612332859867]],[3.0500001907348633,[111.0,428.32612332859867]],[3.0970001220703125,[112.0,428.32612332859867]],[3.1450002193450928,[113.0,428.32612332859867]],[3.188000202178955,[117.0,428.32612332859867]],[3.240000009536743,[118.0,428.32612332859867]],[3.255000114440918,[119.0,428.32612332859867]],[3.3030002117156982,[124.0,428.9986787579698]],[3.327000141143799,[125.0,428.9986787579698]],[3.3350000381469727,[126.0,428.9986787579698]],[3.377000093460083,[132.0,428.9986787579698]],[3.4140000343322754,[133.0,428.9986787579698]],[3.451000213623047,[134.0,428.9986787579698]],[3.495000123977661,[135.0,428.9986787579698]],[3.5460000038146973,[136.0,428.9986787579698]],[3.5900001525878906,[137.0,428.9986787579698]],[3.6530001163482666,[141.0,428.9986787579698]],