{"DeletedArcs":2,"Gap":0.0,"InfTailPath":0,"NodeCount":1.0,"Runtime":2.624000072479248,"SimplexIterations":906.0,"SubtourTracker":{"CutCounter":[["RCC",197],["MSTAR",555],["FCI",108],["GLM",12],["CAT",15],["DKplus",1]],"CutTimer":[["RCC",143454],["MSTAR",50319],["FCI",108196],["GLM",1895],["CAT",8928],["DKplus",482],["DKminus",413]],"ElementCallCounter":[["IntegerSolutions",35],["DetermineRoutes",35],["CheckRoutes",35],["IntegerRoutes",149],["SingleCustRoutes",25],["MinNumVeh",124],["DisconnectedRoutes",2],["ConnectedRoutes",122],["SingleVehicle",87],["MinVehApproxInf",35],["RoutePrechecked",68],["RoutePrecheckedNot",19],["CustCombiInfeasible",0],["CustCombiInfNot",19],["HeuristicFeas",11],["HeuristicInf",8],["CPCheck",0],["ExactLimitFeas",2],["ExactLimitInf",0],["ExactLimitUnk",0],["TwoPath",3],["TwoPathNot",0],["RegTournamentPath",0],["RegTournamentPathNot",0],["TailTournamentPath",0],["ExactFeas",3],["ExactInf",3],["ExactInvalid",0],["RevSeq",0],["RevHeurFeas",0],["RevExactFeas",0],["RevInf",0],["CheckFracSols",21],["AddFracSolCuts",21],["BuildGraph",21],["SPHeur",2]],"ElementCallTime":[["IntegerSolutions",2073381],["DetermineRoutes",174],["CheckRoutes",2072891],["IntegerRoutes",0],["SingleCustRoutes",0],["MinNumVeh",32125],["DisconnectedRoutes",43],["ConnectedRoutes",0],["SingleVehicle",2039024],["MinVehApproxInf",1463],["RoutePrechecked",1],["RoutePrecheckedNot",3],["CustCombiInfeasible",0],["CustCombiInfNot",4],["HeuristicFeas",8524],["HeuristicInf",95969],["CPCheck",0],["ExactLimitFeas",145720],["ExactLimitInf",0],["ExactLimitUnk",0],["TwoPath",1178084],["TwoPathNot",0],["RegTournamentPath",0],["RegTournamentPathNot",0],["TailTournamentPath",0],["ExactFeas",352234],["ExactInf",258345],["ExactInvalid",0],["RevSeq",0],["RevHeurFeas",0],["RevExactFeas",0],["RevInf",0],["CheckFracSols",314329],["AddFracSolCuts",314299],["BuildGraph",244],["SPHeur",11123]],"LazyConstraintCounter":[["SEC",37],["TwoPath",3],["TwoPathMIS",3]],"LowerBoundProgress":[[0.015000104904174805,[0.0,309.1569263361615]],[0.029000043869018555,[0.0,309.1569263361615]],[0.046000003814697266,[0.0,347.65293292909683]],[1.187000036239624,[0.0,347.65293292909683]],[1.2209999561309814,[0.0,366.52715218259266]],[1.2220001220703125,[0.0,366.52715218259266]],[1.2350001335144043,[0.0,370.70101491194896]],[1.2390000820159912,[0.0,370.70101491194896]],[1.25600004196167,[0.0,371.94658431620155]],[1.2660000324249268,[0.0,371.94658431620155]],[1.3050000667572021,[0.0,372.2898827537884]],[1.308000087738037,[0.0,372.2898827537884]],[1.5150001049041748,[0.0,372.8397004730699]],[1.5310001373291016,[0.0,372.8397004730699]],[1.555999994277954,[0.0,372.8397004730699]],[1.565000057220459,[0.0,372.8397004730699]],[1.568000078201294,[0.0,372.8397004730699]],[1.5820000171661377,[0.0,376.2084034342818]],[1.5870001316070557,[0.0,376.2084034342818]],[1.5900001525878906,[0.0,376.3038428680084]],[1.5980000495910645,[0.0,376.3038428680084]],[1.6150000095367432,[0.0,376.7591841559367]],[1.6340000629425049,[0.0,377.2112919274421]],[1.6460001468658447,[0.0,377.2821830239992]],[1.6600000858306885,[0.0,377.2821830239992]],[1.6770000457763672,[0.0,377.28218302399927]],[1.6790001392364502,[0.0,377.28218302399927]],[2.0310001373291016,[0.0,377.28218302399927]],[2.05400013923645,[0.0,377.28218302399927]],[2.065999984741211,[0.0,377.28218302399927]],[2.0989999771118164,[0.0,377.28218302399927]],[2.1050000190734863,[0.0,377.28218302399927]],[2.127000093460083,[0.0,377.28218302399927]],[2.128000020980835,[0.0,377.28218302399927]],[2.1389999389648438,[0.0,377.2821830239994]],[2.1490001678466797,[0.0,377.2821830239994]],[2.1600000858306885,[0.0,378.3428982129894]],[2.25600004196167,[0.0,378.3428982129894]],[2.2660000324249268,[0.0,378.5391645793635]],[2.2669999599456787,[0.0,378.5391645793635]],[2.621999979019165,[0.0,379.4310956207787]]],"UpperBoundProgress":[[0.0,[409.8900242827768,false]],[1.3600001335144043,[397.626855383825,false]],[2.127000093460083,[395.6358415970548,true]],[2.621999979019165,[379.4310956207788,false]]]},"Timer":{"Branch&Cut":2.6211929,"InfeasibleArcs":0.094967,"LowerBoundVehicles":0.0072679,"StartSolution":1.1570435}}