{"DeletedArcs":10,"Gap":0.0,"InfTailPath":0,"NodeCount":1831.0,"Runtime":11.067000150680542,"SimplexIterations":18836.0,"SubtourTracker":{"CutCounter":[["RCC",697],["MSTAR",3868],["FCI",869],["GLM",67],["CAT",39],["DKplus",2],["DKminus",2]],"CutTimer":[["RCC",151512],["MSTAR",305175],["FCI",383587],["GLM",8350],["CAT",50265],["DKplus",3028],["DKminus",2595]],"ElementCallCounter":[["IntegerSolutions",72],["DetermineRoutes",72],["CheckRoutes",72],["IntegerRoutes",233],["SingleCustRoutes",20],["MinNumVeh",213],["DisconnectedRoutes",4],["ConnectedRoutes",209],["SingleVehicle",146],["MinVehApproxInf",63],["RoutePrechecked",66],["RoutePrecheckedNot",80],["CustCombiInfeasible",24],["CustCombiInfNot",56],["HeuristicFeas",32],["HeuristicInf",24],["CPCheck",0],["ExactLimitFeas",6],["ExactLimitInf",2],["ExactLimitUnk",0],["TwoPath",7],["TwoPathNot",0],["RegTournamentPath",0],["RegTournamentPathNot",0],["TailTournamentPath",0],["ExactFeas",11],["ExactInf",5],["ExactInvalid",0],["RevSeq",0],["RevHeurFeas",0],["RevExactFeas",0],["RevInf",0],["CheckFracSols",1844],["AddFracSolCuts",210],["BuildGraph",210],["SPHeur",3]],"ElementCallTime":[["IntegerSolutions",8620006],["DetermineRoutes",386],["CheckRoutes",8619161],["IntegerRoutes",0],["SingleCustRoutes",0],["MinNumVeh",12670],["DisconnectedRoutes",113],["ConnectedRoutes",0],["SingleVehicle",8604220],["MinVehApproxInf",1869],["RoutePrechecked",8],["RoutePrecheckedNot",1],["CustCombiInfeasible",638],["CustCombiInfNot",153],["HeuristicFeas",75614],["HeuristicInf",315357],["CPCheck",0],["ExactLimitFeas",261218],["ExactLimitInf",231389],["ExactLimitUnk",0],["TwoPath",1670479],["TwoPathNot",0],["RegTournamentPath",0],["RegTournamentPathNot",0],["TailTournamentPath",0],["ExactFeas",2052352],["ExactInf",3996572],["ExactInvalid",0],["RevSeq",0],["RevHeurFeas",0],["RevExactFeas",0],["RevInf",0],["CheckFracSols",907849],["AddFracSolCuts",907719],["BuildGraph",1082],["SPHeur",1099715]],"LazyConstraintCounter":[["RCC",67],["SEC",91],["TwoPath",7],["TwoPathMIS",1]],"LowerBoundProgress":[[0.009000062942504883,[0.0,250.13266620402638]],[0.016000032424926758,[0.0,250.13266620402638]],[0.026000022888183594,[0.0,256.44315603123357]],[0.0280001163482666,[0.0,256.44315603123357]],[0.03900003433227539,[0.0,257.2818296864793]],[0.0410001277923584,[0.0,257.2818296864793]],[0.04400014877319336,[0.0,261.7192744423985]],[0.15900015830993652,[0.0,261.7192744423985]],[0.1679999828338623,[0.0,265.40673825205613]],[0.16900014877319336,[0.0,265.40673825205613]],[0.23399996757507324,[0.0,266.11268526899346]],[0.24500012397766113,[0.0,269.15638555441177]],[0.25099992752075195,[0.0,269.15638555441177]],[0.25300002098083496,[0.0,269.4829614906414]],[0.25500011444091797,[0.0,269.4829614906414]],[0.26200008392333984,[0.0,270.3176381008202]],[0.2690000534057617,[0.0,270.36047080067846]],[0.26999998092651367,[0.0,270.36047080067846]],[0.27699995040893555,[0.0,270.3750190084533]],[0.2799999713897705,[0.0,270.3750190084533]],[0.2820000648498535,[0.0,270.3762769958209]],[0.3900001049041748,[0.0,270.3762769958209]],[0.3989999294281006,[0.0,270.51579884489047]],[0.4010000228881836,[0.0,270.51579884489047]],[1.3259999752044678,[0.0,270.51579884489047]],[1.3380000591278076,[0.0,270.51579884489047]],[1.3480000495910645,[1.0,276.8424815492755]],[1.3640000820159912,[2.0,279.36217074761856]],[1.380000114440918,[3.0,281.81699329167856]],[1.3870000839233398,[4.0,281.81699329167856]],[1.4000000953674316,[5.0,281.81699329167856]],[1.4140000343322754,[6.0,282.26188200838095]],[1.4230000972747803,[7.0,282.4078896863119]],[1.433000087738037,[9.0,282.4078896863119]],[1.443000078201294,[10.0,282.63358228925375]],[1.446000099182129,[11.0,282.63358228925375]],[1.4490001201629639,[12.0,282.63358228925375]],[1.4520001411437988,[14.0,282.63358228925375]],[1.4570000171661377,[15.0,282.63358228925375]],[1.4590001106262207,[16.0,282.63358228925375]],[1.4620001316070557,[17.0,282.63358228925375]],[1.4739999771118164,[18.0,284.58919724321294]],[1.4769999980926514,[19.0,284.58919724321294]],[1.4779999256134033,[20.0,284.58919724321294]],[1.4839999675750732,[21.0,284.58919724321294]],[1.5,[23.0,284.58919724321294]],[1.5090000629425049,[27.0,284.58919724321294]],[1.5160000324249268,[28.0,284.58919724321294]],[1.5399999618530273,[31.0,284.58919724321294]],[1.5469999313354492,[34.0,284.6655330125088]],[1.5789999961853027,[37.0,284.6655330125088]],[2.5440001487731934,[39.0,284.6655330125088]],[2.559999942779541,[42.0,285.0624908513538]],[2.572000026702881,[45.0,285.0624908513538]],[2.575000047683716,[47.0,285.0624908513538]],[2.5910000801086426,[51.0,285.0624908513538]],[2.6029999256134033,[54.0,285.0624908513538]],[2.6070001125335693,[55.0,285.0624908513538]],[2.634000062942505,[58.0,285.0624908513538]],[2.638000011444092,[59.0,285.0624908513538]],[2.6540000438690186,[62.0,285.0624908513538]],[2.6700000762939453,[63.0,285.0624908513538]],[2.686000108718872,[70.0,285.0624908513538]],[2.7109999656677246,[75.0,285.0624908513538]],[2.7170000076293945,[79.0,285.0624908513538]],[2.7220001220703125,[80.0,285.0624908513538]],[2.7260000705718994,[81.0,285.0624908513538]],[2.7300000190734863,[82.0,285.0624908513538]],[2.7339999675750732,[83.0,285.0624908513538]],[2.736999988555908,[84.0,285.0624908513538]],[2.739000082015991,[85.0,285.0624908513538]],[2.748000144958496,[86.0,285.0624908513538]],[2.752000093460083,[87.0,285.0624908513538]],[2.753000020980835,[88.0,285.0624908513538]],[2.759000062942505,[89.0,285.0624908513538]],[2.765000104904175,[90.0,285.0624908513538]],[2.7799999713897705,[95.0,285.0624908513538]],[2.7910001277923584,[98.0,285.0624908513538]],[2.796999931335449,[101.0,285.0624908513538]],[2.812000036239624,[107.0,285.0624908513538]],[2.822000026702881,[109.0,285.0624908513538]],[2.828000068664551,[111.0,285.0624908513538]],[2.8529999256134033,[113.0,285.0624908513538]],[2.8600001335144043,[114.0,285.0624908513538]],[2.875999927520752,[119.0,285.0624908513538]],[2.884000062942505,[122.0,285.0624908513538]],[2.8919999599456787,[130.0,285.0624908513538]],[2.9079999923706055,[135.0,285.0624908513538]],[2.9240000247955322,[136.0,285.0624908513538]],[2.939000129699707,[139.0,285.0624908513538]],[2.9549999237060547,[143.0,285.0624908513538]],[2.9779999256134033,[153.0,285.0624908513538]],[2.986999988555908,[155.0,285.0624908513538]],[3.003000020980835,[158.0,285.0624908513538]],[3.009000062942505,[159.0,285.0624908513538]],[3.0190000534057617,[162.0,285.0624908513538]],[3.0350000858306885,[165.0,285.0624908513538]],[3.0399999618530273,[166.0,285.0624908513538]],[3.0510001182556152,[169.0,285.0624908513538]],[3.065999984741211,[172.0,285.0624908513538]],[3.071000099182129,[173.0,285.0624908513538]],[3.134000062942505,[175.0,285.0624908513538]],[3.3400001525878906,[177.0,285.0624908513538]],[3.3529999256134033,[179.0,285.0624908513538]],[3.3559999465942383,[181.0,285.0624908513538]],[3.371999979019165,[184.0,285.0624908513538]],[3.388000011444092,[186.0,285.0624908513538]],[3.4040000438690186,[190.0,285.0624908513538]],[3.4149999618530273,[191.0,285.0624908513538]],[3.4200000762939453,[192.0,285.0624908513538]],[3.436000108718872,[195.0,285.0624908513538]],[3.452000141143799,[200.0,285.0624908513538]],[8.33899998664856,[219.0,285.0624908513538]],[8.575999975204468,[246.0,285.0624908513538]],[8.577000141143799,[247.0,285.0624908513538]],[8.591000080108643,[259.0,285.0624908513538]],[8.592999935150146,[301.0,285.446836539574]],[8.917999982833862,[302.0,285.446836539574]],[8.934000015258789,[315.0,285.446836539574]],[8.954999923706055,[340.0,285.446836539574]],[8.95799994468689,[364.0,285.446836539574]],[8.969000101089478,[379.0,285.446836539574]],[8.97000002861023,[413.0,285.446836539574]],[8.976999998092651,[431.0,285.446836539574]],[10.07200002670288,[432.0,285.446836539574]],[10.07800006866455,[459.0,285.446836539574]],[10.094000101089478,[474.0,285.8672448701661]],[10.266999959945679,[495.0,285.8672448701661]],[10.282000064849854,[604.0,285.8672448701661]],[10.289999961853027,[667.0,