{"DeletedArcs":8,"Gap":0.0,"InfTailPath":0,"NodeCount":1525.0,"Runtime":3.193000078201294,"SimplexIterations":19468.0,"SubtourTracker":{"CutCounter":[["RCC",1378],["MSTAR",4887],["FCI",2154],["GLM",98],["CAT",30],["DKplus",1]],"CutTimer":[["RCC",334861],["MSTAR",444687],["FCI",1879597],["GLM",13115],["CAT",63567],["DKplus",4767],["DKminus",2436]],"ElementCallCounter":[["IntegerSolutions",48],["DetermineRoutes",48],["CheckRoutes",48],["IntegerRoutes",291],["SingleCustRoutes",16],["MinNumVeh",275],["DisconnectedRoutes",3],["ConnectedRoutes",272],["SingleVehicle",0],["MinVehApproxInf",53],["RoutePrechecked",0],["RoutePrecheckedNot",0],["CustCombiInfeasible",0],["CustCombiInfNot",0],["HeuristicFeas",0],["HeuristicInf",0],["CPCheck",0],["ExactLimitFeas",0],["ExactLimitInf",0],["ExactLimitUnk",0],["TwoPath",0],["TwoPathNot",0],["RegTournamentPath",0],["RegTournamentPathNot",0],["TailTournamentPath",0],["ExactFeas",0],["ExactInf",0],["ExactInvalid",0],["RevSeq",0],["RevHeurFeas",0],["RevExactFeas",0],["RevInf",0],["CheckFracSols",1538],["AddFracSolCuts",183],["BuildGraph",183],["SPHeur",9]],"ElementCallTime":[["IntegerSolutions",16433],["DetermineRoutes",231],["CheckRoutes",15828],["IntegerRoutes",0],["SingleCustRoutes",0],["MinNumVeh",14505],["DisconnectedRoutes",65],["ConnectedRoutes",0],["SingleVehicle",0],["MinVehApproxInf",1075],["RoutePrechecked",0],["RoutePrecheckedNot",0],["CustCombiInfeasible",0],["CustCombiInfNot",0],["HeuristicFeas",0],["HeuristicInf",0],["CPCheck",0],["ExactLimitFeas",0],["ExactLimitInf",0],["ExactLimitUnk",0],["TwoPath",0],["TwoPathNot",0],["RegTournamentPath",0],["RegTournamentPathNot",0],["TailTournamentPath",0],["ExactFeas",0],["ExactInf",0],["ExactInvalid",0],["RevSeq",0],["RevHeurFeas",0],["RevExactFeas",0],["RevInf",0],["CheckFracSols",2747577],["AddFracSolCuts",2747448],["BuildGraph",1700],["SPHeur",9962]],"LazyConstraintCounter":[["RCC",22],["SEC",56]],"LowerBoundProgress":[[0.009000062942504883,[0.0,357.62304057291317]],[0.019999980926513672,[0.0,357.62304057291317]],[0.03400015830993652,[0.0,413.916546143571]],[0.0410001277923584,[0.0,413.916546143571]],[0.051000118255615234,[0.0,460.5279445377532]],[0.08000016212463379,[0.0,460.5279445377532]],[0.08899998664855957,[0.0,469.120811922532]],[0.09300017356872559,[0.0,469.120811922532]],[0.17500019073486328,[0.0,474.60520627438495]],[0.17600011825561523,[0.0,474.60520627438495]],[0.1830000877380371,[0.0,475.8666978775072]],[0.18400001525878906,[0.0,475.8666978775072]],[0.21800017356872559,[0.0,482.5301025530793]],[0.21900010108947754,[0.0,482.5301025530793]],[0.23000001907348633,[0.0,486.63035836529457]],[0.23100018501281738,[0.0,486.63035836529457]],[0.2840001583099365,[0.0,487.2374332710498]],[0.2850000858306885,[0.0,487.2374332710498]],[0.2890000343322754,[0.0,487.62197217945675]],[0.30100011825561523,[0.0,487.62197217945675]],[0.33500003814697266,[0.0,487.6357760270306]],[0.34400010108947754,[0.0,487.6357760270306]],[0.34800004959106445,[0.0,487.72956547017844]],[0.35000014305114746,[0.0,487.72956547017844]],[0.39499998092651367,[0.0,488.14374829269786]],[0.39800000190734863,[0.0,488.14374829269786]],[0.44300007820129395,[0.0,488.14374829269786]],[0.4550001621246338,[0.0,488.14374829269786]],[0.4830000400543213,[1.0,488.4607694600684]],[0.5140001773834229,[2.0,489.0646730015782]],[0.5970001220703125,[3.0,489.0646730015782]],[0.629000186920166,[4.0,489.0646730015782]],[0.6610000133514404,[5.0,489.0646730015782]],[0.6700000762939453,[6.0,489.0646730015782]],[0.6820001602172852,[7.0,489.0646730015782]],[0.7130000591278076,[8.0,489.0646730015782]],[0.7160000801086426,[9.0,489.0646730015782]],[0.7220001220703125,[10.0,489.0646730015782]],[0.7260000705718994,[11.0,489.0646730015782]],[0.749000072479248,[12.0,489.0646730015782]],[0.752000093460083,[13.0,489.0646730015782]],[0.7580001354217529,[14.0,489.0646730015782]],[0.7730000019073486,[15.0,489.0646730015782]],[0.8070001602172852,[16.0,489.13191658331596]],[0.8090000152587891,[17.0,489.13191658331596]],[0.8159999847412109,[18.0,489.13191658331596]],[0.820000171661377,[19.0,489.13191658331596]],[0.8229999542236328,[20.0,489.13191658331596]],[0.8250000476837158,[21.0,489.13191658331596]],[0.8270001411437988,[22.0,489.13191658331596]],[0.8350000381469727,[23.0,489.13191658331596]],[0.8440001010894775,[24.0,489.2003120643531]],[0.8459999561309814,[25.0,489.2003120643531]],[0.8900001049041748,[26.0,489.2003120643531]],[0.9110000133514404,[27.0,489.2003120643531]],[0.9120001792907715,[28.0,489.2003120643531]],[0.9210000038146973,[29.0,489.2003120643531]],[0.9539999961853027,[30.0,489.2003120643531]],[0.9720001220703125,[31.0,489.2003120643531]],[1.0190000534057617,[32.0,489.2003120643531]],[1.0270001888275146,[33.0,489.2003120643531]],[1.068000078201294,[34.0,489.2003120643531]],[1.0740001201629639,[35.0,489.2003120643531]],[1.0830001831054688,[37.0,489.2003120643531]],[1.1180000305175781,[38.0,489.2003120643531]],[1.129000186920166,[39.0,489.2003120643531]],[1.133000135421753,[40.0,489.6067067695893]],[1.136000156402588,[41.0,489.6067067695893]],[1.1770000457763672,[42.0,489.6067067695893]],[1.194000005722046,[43.0,489.6067067695893]],[1.196000099182129,[44.0,489.6067067695893]],[1.1979999542236328,[45.0,489.6067067695893]],[1.2150001525878906,[47.0,489.6067067695893]],[1.25,[48.0,489.6067067695895]],[1.254000186920166,[49.0,489.6873254917648]],[1.258000135421753,[50.0,489.6873254917648]],[1.261000156402588,[51.0,489.6873254917648]],[1.2750000953674316,[52.0,489.6873254917648]],[1.317000150680542,[53.0,489.6873254917648]],[1.3410000801086426,[54.0,489.6873254917648]],[1.3550000190734863,[55.0,489.6873254917648]],[1.3570001125335693,[56.0,489.6873254917648]],[1.3580000400543213,[57.0,489.6873254917648]],[1.3600001335144043,[58.0,489.6873254917648]],[1.3670001029968262,[59.0,489.6873254917648]],[1.3680000305175781,[61.0,489.6873254917648]],[1.375,[62.0,489.6873254917648]],[1.3890001773834229,[63.0,489.6873254917648]],[1.3970000743865967,[64.0,489.7679594942334]],[1.4040000438690186,[65.0,489.7679594942334]],[1.4060001373291016,[66.0,489.7679594942334]],[1.4079999923706055,[67.0,489.7679594942334]],[1.4539999961853027,[68.0,489.7679594942334]],[1.5420000553131104,[69.0,489.7679594942334]],[1.5429999828338623,[70.0,489.7679594942334]],[1.562999963760376,[74.0,489.7679594942334]],[1.5720000267028809,[75.0,489.7679594942334]],[1.5950000286102295,[78.0,489.7679594942334]],[1.6180000305175781,[79.0,489.7679594942334]],[1.624000072479248,[80.0,489.7679594942334]],[1.6319999694824219,[81.0,489.7679594942334]],[1.633000135421753,[82.0,489.7679594942334]],[1.683000087738037,[83.0,489.7679594942334]],[1.746000051498413,[84.0,489.7679594942334]],[1.75,[85.0,489.7679594942334]],[1.7829999923706055,[88.0,489.7679594942334]],[1.7970001697540283,[89.0,489.7679594942334]],[1.8029999732971191,[90.0,489.7679594942334]],[1.8560001850128174,[91.0,489.7679594942334]],[1.9170000553131104,[92.0,489.7679594942334]],[1.9230000972747803,[94.0,489.7679594942334]],[1.933000087738037,[95.0,489.7679594942334]],[1.937999963760376,[96.0,489.7679594942334]],[1.939000129699707,[99.0,489.7679594942334]],[1.940999984741211,[100.0,489.7679594942334]],[1.942000150680542,[100.0,489.7679594942334]],[1.9760000705718994,[107.0,489.7679594942334]],[2.006999969482422,[109.0,489.7679594942334]],[2.011000156402588,[110.0,489.7679594942334]],[2.013000011444092,[111.0,489.7679594942334]],[2.0210001468658447,[112.0,489.7679594942334]],[2.0230000019073486,[116.0,489.7679594942334]],[2.0310001373291016,[118.0,489.7679594942334]],[2.0350000858306885,[120.0,489.8318252722163]],[2.0390000343322754,[121.0,489.8318252722163]],[2.0859999656677246,[123.0,489.8318252722163]],[2.116000175476074,[124.0,489.8318252722163]],[2.133000135421753,[125.0,489.8318252722163]],[2.1440000534057617,[126.0,489.8318252722163]],[2.1690001487731934,[127.0,489.8318252722163]],[2.180999994277954,[128.0,489.8318252722163]],[2.195000171661377,[130.0,489.8318252722163]],[2.2260000705718994,[131.0,