{"DeletedArcs":2,"Gap":0.0,"InfTailPath":0,"NodeCount":580.0,"Runtime":3.2279999256134033,"SimplexIterations":9435.0,"SubtourTracker":{"CutCounter":[["RCC",3183],["MSTAR",2924],["FCI",84],["GLM",85],["CAT",118],["DKplus",21],["DKminus",11]],"CutTimer":[["RCC",1778795],["MSTAR",648735],["FCI",72475],["GLM",27970],["CAT",87306],["DKplus",13784],["DKminus",11859]],"ElementCallCounter":[["IntegerSolutions",41],["DetermineRoutes",41],["CheckRoutes",41],["IntegerRoutes",175],["SingleCustRoutes",17],["MinNumVeh",158],["DisconnectedRoutes",11],["ConnectedRoutes",147],["SingleVehicle",0],["MinVehApproxInf",46],["RoutePrechecked",0],["RoutePrecheckedNot",0],["CustCombiInfeasible",0],["CustCombiInfNot",0],["HeuristicFeas",0],["HeuristicInf",0],["CPCheck",0],["ExactLimitFeas",0],["ExactLimitInf",0],["ExactLimitUnk",0],["TwoPath",0],["TwoPathNot",0],["RegTournamentPath",0],["RegTournamentPathNot",0],["TailTournamentPath",0],["ExactFeas",0],["ExactInf",0],["ExactInvalid",0],["RevSeq",0],["RevHeurFeas",0],["RevExactFeas",0],["RevInf",0],["CheckFracSols",584],["AddFracSolCuts",207],["BuildGraph",207],["SPHeur",5]],"ElementCallTime":[["IntegerSolutions",28303],["DetermineRoutes",220],["CheckRoutes",27572],["IntegerRoutes",0],["SingleCustRoutes",0],["MinNumVeh",24492],["DisconnectedRoutes",266],["ConnectedRoutes",0],["SingleVehicle",0],["MinVehApproxInf",2698],["RoutePrechecked",0],["RoutePrecheckedNot",0],["CustCombiInfeasible",0],["CustCombiInfNot",0],["HeuristicFeas",0],["HeuristicInf",0],["CPCheck",0],["ExactLimitFeas",0],["ExactLimitInf",0],["ExactLimitUnk",0],["TwoPath",0],["TwoPathNot",0],["RegTournamentPath",0],["RegTournamentPathNot",0],["TailTournamentPath",0],["ExactFeas",0],["ExactInf",0],["ExactInvalid",0],["RevSeq",0],["RevHeurFeas",0],["RevExactFeas",0],["RevInf",0],["CheckFracSols",2646869],["AddFracSolCuts",2646736],["BuildGraph",2885],["SPHeur",9829]],"LazyConstraintCounter":[["RCC",247],["SEC",57]],"LowerBoundProgress":[[0.01699995994567871,[0.0,1907.2893672769217]],[0.03299999237060547,[0.0,1907.2893672769217]],[0.05799984931945801,[0.0,1958.5649063798871]],[0.09599995613098145,[0.0,1958.5649063798871]],[0.09999990463256836,[0.0,2005.1542583546186]],[0.11599993705749512,[0.0,2005.1542583546186]],[0.13699984550476074,[0.0,2037.8708221762292]],[0.1399998664855957,[0.0,2037.8708221762292]],[0.21599984169006348,[0.0,2037.8708221762292]],[0.23199987411499023,[0.0,2037.8708221762292]],[0.33899998664855957,[1.0,2073.8674643676945]],[0.46700000762939453,[2.0,2078.461012397371]],[0.4789998531341553,[3.0,2101.866627872931]],[0.49499988555908203,[4.0,2105.8195830642435]],[0.4960000514984131,[5.0,2110.914855775319]],[0.500999927520752,[6.0,2110.914855775319]],[0.5149998664855957,[7.0,2113.20441608229]],[0.5160000324249268,[8.0,2113.20441608229]],[0.5169999599456787,[9.0,2113.20441608229]],[0.5269999504089355,[10.0,2113.20441608229]],[0.559999942779541,[11.0,2113.20441608229]],[0.560999870300293,[12.0,2114.0337564486294]],[0.5759999752044678,[13.0,2114.0337564486294]],[0.5829999446868896,[14.0,2114.0337564486294]],[0.5969998836517334,[15.0,2114.0337564486294]],[0.6359999179840088,[16.0,2114.0337564486294]],[0.6380000114440918,[17.0,2114.146078958061]],[0.6679999828338623,[18.0,2114.146078958061]],[0.6929998397827148,[19.0,2114.146078958061]],[0.7149999141693115,[20.0,2114.146078958061]],[0.7259998321533203,[21.0,2114.146078958061]],[0.744999885559082,[22.0,2114.146078958061]],[0.7749998569488525,[23.0,2114.146078958061]],[0.8020000457763672,[24.0,2114.1460789580615]],[0.8029999732971191,[25.0,2114.1460789580615]],[0.8309998512268066,[26.0,2114.1460789580615]],[0.8529999256134033,[27.0,2114.1460789580615]],[0.8959999084472656,[28.0,2114.1460789580615]],[0.9079999923706055,[29.0,2114.1460789580615]],[0.9210000038146973,[30.0,2114.1460789580615]],[0.9839999675750732,[31.0,2114.1460789580615]],[1.00600004196167,[32.0,2116.2540674835946]],[1.0069999694824219,[33.0,2116.2540674835946]],[1.0230000019073486,[34.0,2116.2540674835946]],[1.0269999504089355,[35.0,2116.2540674835946]],[1.0299999713897705,[36.0,2116.2540674835946]],[1.0309998989105225,[37.0,2116.2540674835946]],[1.0320000648498535,[38.0,2116.2540674835946]],[1.0460000038146973,[39.0,2116.2540674835946]],[1.065000057220459,[40.0,2116.2540674835946]],[1.066999912261963,[41.0,2116.2540674835946]],[1.0769999027252197,[42.0,2116.2540674835946]],[1.0850000381469727,[43.0,2116.2540674835946]],[1.1510000228881836,[44.0,2116.2540674835946]],[1.1640000343322754,[45.0,2116.2540674835946]],[1.2009999752044678,[46.0,2116.2540674835946]],[1.2149999141693115,[47.0,2116.2540674835946]],[1.2170000076293945,[48.0,2116.2540674835946]],[1.2200000286102295,[49.0,2116.2540674835946]],[1.2259998321533203,[50.0,2116.2540674835946]],[1.2319998741149902,[51.0,2116.2540674835946]],[1.244999885559082,[53.0,2116.2540674835946]],[1.246000051498413,[54.0,2116.2540674835946]],[1.246999979019165,[56.0,2116.2540674835946]],[1.247999906539917,[57.0,2116.2540674835946]],[1.248999834060669,[58.0,2116.2540674835946]],[1.2569999694824219,[60.0,2116.2540674835946]],[1.2630000114440918,[61.0,2116.2540674835946]],[1.3220000267028809,[62.0,2116.2540674835946]],[1.4119999408721924,[63.0,2116.2540674835946]],[1.4149999618530273,[64.0,2116.2540674835946]],[1.4179999828338623,[65.0,2116.2540674835946]],[1.4470000267028809,[66.0,2116.2540674835946]],[1.4670000076293945,[67.0,2116.2540674835946]],[1.4730000495910645,[68.0,2116.2540674835946]],[1.4739999771118164,[69.0,2116.2540674835946]],[1.4779999256134033,[70.0,2116.2540674835946]],[1.4789998531341553,[71.0,2116.2540674835946]],[1.5249998569488525,[72.0,2116.2540674835946]],[1.5290000438690186,[73.0,2116.2540674835946]],[1.5339999198913574,[74.0,2116.2540674835946]],[1.5520000457763672,[75.0,2116.2540674835946]],[1.569000005722046,[76.0,2116.2540674835946]],[1.6110000610351562,[77.0,2116.2540674835946]],[1.626999855041504,[78.0,2116.2540674835946]],[1.63100004196167,[79.0,2116.2540674835946]],[1.6329998970031738,[80.0,2116.2540674835946]],[1.6619999408721924,[81.0,2116.2540674835946]],[1.690999984741211,[82.0,2116.2540674835946]],[1.691999912261963,[83.0,2116.2540674835946]],[1.6979999542236328,[84.0,2116.2540674835946]],[1.6989998817443848,[85.0,2116.2540674835946]],[1.7000000476837158,[86.0,2116.2540674835946]],[1.7200000286102295,[87.0,2116.2540674835946]],[1.7349998950958252,[88.0,2116.2540674835946]],[1.7409999370574951,[89.0,2116.2540674835946]],[1.7430000305175781,[90.0,2116.2540674835946]],[1.74399995803833,[91.0,2116.2540674835946]],[1.744999885559082,[92.0,2116.2540674835946]],[1.805999994277954,[94.0,2116.2540674835946]],[1.8339998722076416,[95.0,2116.2540674835946]],[1.8359999656677246,[96.0,2116.2540674835946]],[1.8409998416900635,[97.0,2116.2540674835946]],[1.8569998741149902,[98.0,2116.2540674835946]],[1.876999855041504,[99.0,2116.2540674835946]],[1.8969998359680176,[100.0,2116.2540674835946]],[1.9229998588562012,[101.0,2116.2540674835946]],[1.9240000247955322,[102.0,2116.2540674835946]],[1.9259998798370361,[103.0,2116.2540674835946]],[1.9570000171661377,[104.0,2116.2540674835946]],[1.9579999446868896,[105.0,2116.2540674835946]],[1.9839999675750732,[106.0,2116.2540674835946]],[2.0409998893737793,[107.0,2116.2540674835946]],[2.0880000591278076,[108.0,2116.2540674835946]],[2.1389999389648438,[109.0,2116.2540674835946]],[2.1399998664855957,[110.0,2116.2540674835946]],[2.1679999828338623,[111.0,2116.2540674835946]],[2.1689999103546143,[112.0,2116.2540674835946]],[2.2339999675750732,[113.0,2116.2540674835946]],[2.302999973297119,[114.0,2116.2540674835946]],[2.361999988555908,[115.0,2116.2540674835946]],[2.4040000438690186,[116.0,2116.2540674835946]],[2.4519999027252197,[117.0,2116.2540674835946]],[2.555000066757202,[118.0,2116.2540674835946]],[2.557999849319458,[119.0,2116.2540674835946]],[2.560999870300293,[120.0,2116.2540674835946]],[2.569000005722046,[121.0,2116.2540674835946]],[2.5789999961853027,[122.0,2116.2540674835946]],[2.5850000381469727,[123.0,2116.2540674835946]],