{"DeletedArcs":14,"Gap":0.0,"InfTailPath":0,"NodeCount":203.0,"Runtime":4.115000009536743,"SimplexIterations":2864.0,"SubtourTracker":{"CutCounter":[["RCC",1218],["MSTAR",5483],["FCI",3499],["GLM",80],["CAT",13]],"CutTimer":[["RCC",157233],["MSTAR",504604],["FCI",2988045],["GLM",10869],["CAT",98051],["DKplus",2395],["DKminus",2007]],"ElementCallCounter":[["IntegerSolutions",34],["DetermineRoutes",34],["CheckRoutes",34],["IntegerRoutes",204],["SingleCustRoutes",39],["MinNumVeh",165],["DisconnectedRoutes",0],["ConnectedRoutes",165],["SingleVehicle",117],["MinVehApproxInf",48],["RoutePrechecked",91],["RoutePrecheckedNot",26],["CustCombiInfeasible",0],["CustCombiInfNot",26],["HeuristicFeas",25],["HeuristicInf",1],["CPCheck",0],["ExactLimitFeas",1],["ExactLimitInf",0],["ExactLimitUnk",0],["TwoPath",0],["TwoPathNot",0],["RegTournamentPath",0],["RegTournamentPathNot",0],["TailTournamentPath",0],["ExactFeas",0],["ExactInf",0],["ExactInvalid",0],["RevSeq",0],["RevHeurFeas",0],["RevExactFeas",0],["RevInf",0],["CheckFracSols",225],["AddFracSolCuts",134],["BuildGraph",134],["SPHeur",2]],"ElementCallTime":[["IntegerSolutions",96103],["DetermineRoutes",194],["CheckRoutes",95608],["IntegerRoutes",0],["SingleCustRoutes",0],["MinNumVeh",21493],["DisconnectedRoutes",0],["ConnectedRoutes",0],["SingleVehicle",72702],["MinVehApproxInf",1215],["RoutePrechecked",7],["RoutePrecheckedNot",0],["CustCombiInfeasible",0],["CustCombiInfNot",25],["HeuristicFeas",8652],["HeuristicInf",2912],["CPCheck",0],["ExactLimitFeas",60998],["ExactLimitInf",0],["ExactLimitUnk",0],["TwoPath",0],["TwoPathNot",0],["RegTournamentPath",0],["RegTournamentPathNot",0],["TailTournamentPath",0],["ExactFeas",0],["ExactInf",0],["ExactInvalid",0],["RevSeq",0],["RevHeurFeas",0],["RevExactFeas",0],["RevInf",0],["CheckFracSols",3767649],["AddFracSolCuts",3767504],["BuildGraph",1192],["SPHeur",6881]],"LazyConstraintCounter":[["RCC",4],["SEC",48]],"LowerBoundProgress":[[0.01399993896484375,[0.0,371.7654549054349]],[0.023000001907348633,[0.0,371.7654549054349]],[0.031999826431274414,[0.0,392.5782135427589]],[0.0409998893737793,[0.0,392.5782135427589]],[0.04799985885620117,[0.0,401.711148986601]],[0.06099987030029297,[0.0,401.711148986601]],[0.0709998607635498,[0.0,409.78703753164837]],[0.08699989318847656,[0.0,409.78703753164837]],[0.12100005149841309,[0.0,416.0123939781823]],[0.12800002098083496,[0.0,416.0123939781823]],[0.20000004768371582,[0.0,419.36545740597404]],[0.20099997520446777,[0.0,419.36545740597404]],[0.21300005912780762,[0.0,420.6103262691808]],[0.21499991416931152,[0.0,420.6103262691808]],[0.247999906539917,[0.0,422.50042363518514]],[0.2839999198913574,[0.0,423.19712935155326]],[0.2849998474121094,[0.0,423.19712935155326]],[0.3559999465942383,[0.0,423.65816666198594]],[0.35699987411499023,[0.0,423.65816666198594]],[0.39999985694885254,[0.0,424.08049582218547]],[0.4010000228881836,[0.0,424.08049582218547]],[0.41700005531311035,[0.0,424.25115305761284]],[0.4179999828338623,[0.0,424.25115305761284]],[0.4659998416900635,[0.0,424.5546580162788]],[0.46700000762939453,[0.0,424.5546580162788]],[0.4779999256134033,[0.0,424.6007308818964]],[0.4789998531341553,[0.0,424.6007308818964]],[0.5219998359680176,[0.0,425.62934672614534]],[0.5230000019073486,[0.0,425.62934672614534]],[0.5820000171661377,[0.0,426.20658420510176]],[0.5839998722076416,[0.0,426.20658420510176]],[0.6289999485015869,[0.0,426.2972619226256]],[0.6299998760223389,[0.0,426.2972619226256]],[0.6779999732971191,[0.0,426.3237701328416]],[0.681999921798706,[0.0,426.3237701328416]],[0.7170000076293945,[0.0,426.5154681527957]],[0.7230000495910645,[0.0,426.5154681527957]],[0.7409999370574951,[0.0,426.541815686815]],[0.744999885559082,[0.0,426.541815686815]],[0.7890000343322754,[0.0,426.54745629060375]],[0.7920000553131104,[0.0,426.54745629060375]],[0.8399999141693115,[0.0,426.54745629060375]],[0.8450000286102295,[0.0,426.54745629060375]],[0.9069998264312744,[0.0,426.54745629060375]],[0.9199998378753662,[0.0,426.54745629060375]],[0.9679999351501465,[1.0,426.5474562906038]],[1.0079998970031738,[2.0,426.699200006247]],[1.0490000247955322,[3.0,426.699200006247]],[1.0950000286102295,[4.0,426.699200006247]],[1.1319999694824219,[5.0,426.699200006247]],[1.1719999313354492,[6.0,427.5369965833762]],[1.2200000286102295,[7.0,427.5369965833762]],[1.253000020980835,[8.0,427.5369965833762]],[1.2709999084472656,[9.0,427.5369965833762]],[1.2730000019073486,[10.0,427.5369965833762]],[1.303999900817871,[11.0,427.5369965833762]],[1.3529999256134033,[12.0,427.80820673728056]],[1.4010000228881836,[13.0,428.18596415935355]],[1.437999963760376,[14.0,428.18596415935355]],[1.4800000190734863,[15.0,428.18596415935355]],[1.5179998874664307,[16.0,428.18596415935355]],[1.5709998607635498,[17.0,428.18596415935355]],[1.6069998741149902,[18.0,428.18596415935355]],[1.61899995803833,[19.0,428.18596415935355]],[1.6599998474121094,[20.0,428.2852210718693]],[1.7049999237060547,[21.0,428.2852210718693]],[1.7149999141693115,[22.0,428.2852210718693]],[1.7289998531341553,[23.0,428.2852210718693]],[1.7619998455047607,[24.0,428.2852210718693]],[1.7939999103546143,[25.0,428.2852210718693]],[1.8269999027252197,[26.0,428.2852210718693]],[1.8399999141693115,[27.0,428.2852210718693]],[1.8559999465942383,[28.0,428.2852210718693]],[1.871999979019165,[29.0,428.32612332859867]],[1.8880000114440918,[30.0,428.32612332859867]],[1.9019999504089355,[31.0,428.32612332859867]],[1.944000005722046,[32.0,428.32612332859867]],[1.9800000190734863,[33.0,428.32612332859867]],[1.9869999885559082,[34.0,428.32612332859867]],[1.996999979019165,[35.0,428.32612332859867]],[2.0119998455047607,[36.0,428.32612332859867]],[2.0230000019073486,[37.0,428.32612332859867]],[2.069999933242798,[38.0,428.32612332859867]],[2.0859999656677246,[39.0,428.32612332859867]],[2.1019999980926514,[40.0,428.32612332859867]],[2.118000030517578,[41.0,428.32612332859867]],[2.177999973297119,[42.0,428.32612332859867]],[2.180999994277954,[43.0,428.32612332859867]],[2.2089998722076416,[44.0,428.32612332859867]],[2.2130000591278076,[45.0,428.32612332859867]],[2.2669999599456787,[46.0,428.32612332859867]],[2.2790000438690186,[47.0,428.32612332859867]],[2.322999954223633,[48.0,428.32612332859867]],[2.3289999961853027,[49.0,428.32612332859867]],[2.3409998416900635,[50.0,428.32612332859867]],[2.385999917984009,[51.0,428.32612332859867]],[2.388000011444092,[52.0,428.32612332859867]],[2.4010000228881836,[53.0,428.32612332859867]],[2.4059998989105225,[55.0,428.32612332859867]],[2.450000047683716,[56.0,428.32612332859867]],[2.48799991607666,[57.0,428.32612332859867]],[2.50600004196167,[58.0,428.32612332859867]],[2.5219998359680176,[60.0,428.32612332859867]],[2.5369999408721924,[61.0,428.32612332859867]],[2.552000045776367,[62.0,428.32612332859867]],[2.567999839782715,[63.0,428.32612332859867]],[2.6080000400543213,[72.0,428.32612332859867]],[2.6449999809265137,[73.0,428.32612332859867]],[2.6459999084472656,[74.0,428.32612332859867]],[2.6499998569488525,[79.0,428.32612332859867]],[2.6740000247955322,[85.0,428.32612332859867]],[2.69599986076355,[88.0,428.32612332859867]],[2.746000051498413,[89.0,428.32612332859867]],[2.7829999923706055,[95.0,428.32612332859867]],[2.799999952316284,[96.0,428.32612332859867]],[2.804999828338623,[100.0,428.32612332859867]],[2.8519999980926514,[101.0,428.32612332859867]],[2.8980000019073486,[102.0,428.32612332859867]],[2.9140000343322754,[104.0,428.32612332859867]],[2.929999828338623,[105.0,428.32612332859867]],[2.944999933242798,[107.0,428.32612332859867]],[2.993000030517578,[111.0,428.32612332859867]],[3.0409998893737793,[112.0,428.32612332859867]],[3.0880000591278076,[113.0,428.32612332859867]],[3.119999885559082,[117.0,428.32612332859867]],[3.184000015258789,[118.0,428.32612332859867]],[3.240999937057495,[124.0,428.9986787579698]],[3.2639999389648438,[125.0,428.9986787579698]],[3.2699999809265137,[126.0,428.9986787579698]],[3.2730000019073486,[127.0,428.9986787579698]],[3.2739999294281006,[128.0,428.9986787579698]],