{"DeletedArcs":10,"Gap":0.0,"InfTailPath":0,"NodeCount":7893.0,"Runtime":2.434000015258789,"SimplexIterations":81379.0,"SubtourTracker":{"CutCounter":[["RCC",1405],["MSTAR",2379],["FCI",337],["GLM",24],["CAT",38],["DKplus",13],["DKminus",15]],"CutTimer":[["RCC",472940],["MSTAR",253572],["FCI",343081],["GLM",6523],["CAT",74639],["DKplus",5839],["DKminus",5118]],"ElementCallCounter":[["IntegerSolutions",83],["DetermineRoutes",83],["CheckRoutes",83],["IntegerRoutes",334],["SingleCustRoutes",80],["MinNumVeh",254],["DisconnectedRoutes",2],["ConnectedRoutes",252],["SingleVehicle",0],["MinVehApproxInf",111],["RoutePrechecked",0],["RoutePrecheckedNot",0],["CustCombiInfeasible",0],["CustCombiInfNot",0],["HeuristicFeas",0],["HeuristicInf",0],["CPCheck",0],["ExactLimitFeas",0],["ExactLimitInf",0],["ExactLimitUnk",0],["TwoPath",0],["TwoPathNot",0],["RegTournamentPath",0],["RegTournamentPathNot",0],["TailTournamentPath",0],["ExactFeas",0],["ExactInf",0],["ExactInvalid",0],["RevSeq",0],["RevHeurFeas",0],["RevExactFeas",0],["RevInf",0],["CheckFracSols",7904],["AddFracSolCuts",281],["BuildGraph",281],["SPHeur",7]],"ElementCallTime":[["IntegerSolutions",53067],["DetermineRoutes",359],["CheckRoutes",52047],["IntegerRoutes",0],["SingleCustRoutes",0],["MinNumVeh",47571],["DisconnectedRoutes",58],["ConnectedRoutes",0],["SingleVehicle",0],["MinVehApproxInf",4189],["RoutePrechecked",0],["RoutePrecheckedNot",0],["CustCombiInfeasible",0],["CustCombiInfNot",0],["HeuristicFeas",0],["HeuristicInf",0],["CPCheck",0],["ExactLimitFeas",0],["ExactLimitInf",0],["ExactLimitUnk",0],["TwoPath",0],["TwoPathNot",0],["RegTournamentPath",0],["RegTournamentPathNot",0],["TailTournamentPath",0],["ExactFeas",0],["ExactInf",0],["ExactInvalid",0],["RevSeq",0],["RevHeurFeas",0],["RevExactFeas",0],["RevInf",0],["CheckFracSols",1166772],["AddFracSolCuts",1166617],["BuildGraph",2750],["SPHeur",9129]],"LazyConstraintCounter":[["RCC",33],["SEC",113]],"LowerBoundProgress":[[0.020000219345092773,[0.0,585.1896417946809]],[0.02700018882751465,[0.0,585.1896417946809]],[0.031000137329101562,[0.0,591.9317967978592]],[0.03800010681152344,[0.0,591.9317967978592]],[0.06100010871887207,[0.0,617.2538300699584]],[0.07200002670288086,[0.0,617.2538300699584]],[0.07700014114379883,[0.0,624.849662936546]],[0.08700013160705566,[0.0,624.849662936546]],[0.09500002861022949,[0.0,627.7126988574872]],[0.10200023651123047,[0.0,627.7126988574872]],[0.10800004005432129,[0.0,630.4410925814218]],[0.11300015449523926,[0.0,630.6489556187233]],[0.11500000953674316,[0.0,630.6489556187233]],[0.11900019645690918,[0.0,636.5700744512017]],[0.12000012397766113,[0.0,636.5700744512017]],[0.1230001449584961,[0.0,636.8655115583199]],[0.12600016593933105,[0.0,636.8655115583199]],[0.13000011444091797,[0.0,637.1313992906321]],[0.13700008392333984,[0.0,637.1313992906321]],[0.1490001678466797,[0.0,637.3651804752484]],[0.15000009536743164,[0.0,637.3651804752484]],[0.16900014877319336,[0.0,637.3651804752484]],[0.1810002326965332,[0.0,637.3651804752484]],[0.18500018119812012,[1.0,637.3651804752484]],[0.18600010871887207,[2.0,637.3651804752484]],[0.19300007820129395,[3.0,637.3651804752484]],[0.22300004959106445,[5.0,637.3651804752484]],[0.22500014305114746,[6.0,637.3651804752484]],[0.23400020599365234,[7.0,637.3651804752484]],[0.2370002269744873,[9.0,637.3651804752484]],[0.23800015449523926,[10.0,637.3651804752484]],[0.2390000820159912,[11.0,637.3651804752484]],[0.24500012397766113,[12.0,637.3651804752484]],[0.24600005149841309,[13.0,637.3651804752484]],[0.25500011444091797,[14.0,637.3651804752484]],[0.2560000419616699,[15.0,637.3651804752484]],[0.257000207901001,[16.0,637.3651804752484]],[0.25800013542175293,[17.0,637.3651804752484]],[0.26000022888183594,[18.0,637.555677469381]],[0.2630000114440918,[19.0,637.555677469381]],[0.26400017738342285,[21.0,637.555677469381]],[0.27300000190734863,[22.0,637.555677469381]],[0.2740001678466797,[23.0,637.555677469381]],[0.27500009536743164,[25.0,637.555677469381]],[0.2760000228881836,[26.0,637.8144287342857]],[0.27700018882751465,[27.0,637.8144287342857]],[0.2780001163482666,[29.0,637.8144287342857]],[0.28800010681152344,[30.0,637.8144287342857]],[0.2890000343322754,[31.0,637.8144287342857]],[0.29000020027160645,[32.0,637.8144287342857]],[0.2910001277923584,[33.0,637.8144287342857]],[0.2980000972747803,[34.0,637.8144287342857]],[0.2990000247955322,[35.0,637.8144287342857]],[0.30300021171569824,[36.0,637.8144287342857]],[0.3080000877380371,[37.0,637.8144287342857]],[0.31800007820129395,[38.0,637.8144287342857]],[0.32200002670288086,[39.0,637.8144287342857]],[0.32400012016296387,[41.0,637.8144287342857]],[0.32900023460388184,[42.0,637.8144287342857]],[0.3300001621246338,[43.0,637.8144287342857]],[0.3380000591278076,[46.0,637.8144287342857]],[0.33900022506713867,[47.0,637.8144287342857]],[0.3410000801086426,[48.0,637.8144287342857]],[0.34200000762939453,[49.0,637.8144287342857]],[0.34800004959106445,[50.0,637.8144287342857]],[0.3490002155303955,[51.0,637.8144287342857]],[0.35200023651123047,[52.0,637.8144287342857]],[0.3540000915527344,[53.0,637.8144287342857]],[0.35500001907348633,[54.0,637.8144287342857]],[0.3560001850128174,[55.0,637.8144287342857]],[0.35700011253356934,[56.0,637.8144287342857]],[0.3660001754760742,[57.0,637.8144287342857]],[0.37400007247924805,[58.0,637.8144287342857]],[0.377000093460083,[59.0,637.8144287342857]],[0.37800002098083496,[60.0,637.8144287342857]],[0.38500022888183594,[61.0,637.8144287342857]],[0.3940000534057617,[62.0,637.8144287342857]],[0.4050002098083496,[63.0,637.8144287342857]],[0.4120001792907715,[64.0,637.8144287342857]],[0.41900014877319336,[65.0,637.8144287342857]],[0.4220001697540283,[67.0,637.8144287342857]],[0.4240000247955322,[68.0,637.8144287342857]],[0.43000006675720215,[70.0,637.8144287342857]],[0.43200016021728516,[71.0,637.8144287342857]],[0.4350001811981201,[72.0,637.8144287342857]],[0.43600010871887207,[73.0,637.8144287342857]],[0.437000036239624,[74.0,637.8144287342857]],[0.4380002021789551,[75.0,637.8144287342857]],[0.440000057220459,[76.0,637.8144287342857]],[0.4550001621246338,[77.0,637.8144287342857]],[0.4830000400543213,[78.0,637.8144287342857]],[0.5120000839233398,[79.0,637.8144287342857]],[0.5130000114440918,[80.0,637.8144287342857]],[0.5200002193450928,[81.0,637.8144287342857]],[0.5290000438690186,[82.0,637.8144287342857]],[0.5380001068115234,[83.0,637.8144287342857]],[0.5400002002716064,[86.0,637.8144287342857]],[0.5410001277923584,[87.0,637.8144287342857]],[0.5490000247955322,[88.0,637.8144287342857]],[0.5570001602172852,[89.0,637.8144287342857]],[0.5740001201629639,[91.0,637.8144287342857]],[0.5750000476837158,[92.0,637.8144287342857]],[0.5860002040863037,[93.0,637.8144287342857]],[0.5930001735687256,[94.0,637.8144287342857]],[0.6010000705718994,[95.0,637.8144287342857]],[0.6020002365112305,[96.0,637.8144287342857]],[0.6030001640319824,[97.0,637.8144287342857]],[0.6050000190734863,[98.0,637.8144287342857]],[0.6060001850128174,[99.0,637.8144287342857]],[0.6150000095367432,[100.0,637.8144287342857]],[0.6190001964569092,[101.0,637.8144287342857]],[0.628000020980835,[102.0,637.8144287342857]],[0.630000114440918,[103.0,637.8144287342857]],[0.6330001354217529,[104.0,637.8144287342857]],[0.6350002288818359,[106.0,637.8144287342857]],[0.6360001564025879,[107.0,637.8144287342857]],[0.6380000114440918,[108.0,637.8144287342857]],[0.6390001773834229,[109.0,637.8144287342857]],[0.6520001888275146,[110.0,637.8144287342857]],[0.6620001792907715,[111.0,637.8144287342857]],[0.6800000667572021,[112.0,637.8144287342857]],[0.6850001811981201,[113.0,637.8144287342857]],[0.6970000267028809,[114.0,637.8144287342857]],[0.7110002040863037,[115.0,637.8144287342857]],[0.7350001335144043,[117.0,637.8144287342857]],[0.7400000095367432,[118.0,637.8144287342857]],[0.7730000019073486,[119.0,637.8144287342857]],[0.7840001583099365,[120.0,637.8144287342857]],[0.7850000858306885,[121.0,637.8144287342857]],[0.7870001792907715,[122.0,637.8144287342857]],[0.7880001068115234,[123.0,