{"DeletedArcs":14,"Gap":0.0,"InfTailPath":3,"NodeCount":332.0,"Runtime":5.531000137329102,"SimplexIterations":4368.0,"SubtourTracker":{"CutCounter":[["RCC",1240],["MSTAR",5560],["FCI",3498],["GLM",98],["CAT",12]],"CutTimer":[["RCC",132873],["MSTAR",592096],["FCI",3585486],["GLM",13310],["CAT",148458],["DKplus",2808],["DKminus",2372]],"ElementCallCounter":[["IntegerSolutions",35],["DetermineRoutes",35],["CheckRoutes",35],["IntegerRoutes",210],["SingleCustRoutes",37],["MinNumVeh",173],["DisconnectedRoutes",0],["ConnectedRoutes",173],["SingleVehicle",126],["MinVehApproxInf",47],["RoutePrechecked",97],["RoutePrecheckedNot",29],["CustCombiInfeasible",0],["CustCombiInfNot",29],["HeuristicFeas",26],["HeuristicInf",3],["CPCheck",0],["ExactLimitFeas",2],["ExactLimitInf",1],["ExactLimitUnk",0],["TwoPath",0],["TwoPathNot",1],["RegTournamentPath",0],["RegTournamentPathNot",1],["TailTournamentPath",1],["ExactFeas",0],["ExactInf",0],["ExactInvalid",0],["RevSeq",1],["RevHeurFeas",0],["RevExactFeas",0],["RevInf",0],["CheckFracSols",347],["AddFracSolCuts",152],["BuildGraph",152],["SPHeur",2]],"ElementCallTime":[["IntegerSolutions",596194],["DetermineRoutes",179],["CheckRoutes",595668],["IntegerRoutes",0],["SingleCustRoutes",0],["MinNumVeh",14452],["DisconnectedRoutes",0],["ConnectedRoutes",0],["SingleVehicle",579920],["MinVehApproxInf",1108],["RoutePrechecked",6],["RoutePrecheckedNot",2],["CustCombiInfeasible",0],["CustCombiInfNot",23],["HeuristicFeas",9800],["HeuristicInf",12058],["CPCheck",0],["ExactLimitFeas",439591],["ExactLimitInf",18046],["ExactLimitUnk",0],["TwoPath",0],["TwoPathNot",45781],["RegTournamentPath",0],["RegTournamentPathNot",54474],["TailTournamentPath",33],["ExactFeas",0],["ExactInf",0],["ExactInvalid",0],["RevSeq",0],["RevHeurFeas",0],["RevExactFeas",0],["RevInf",0],["CheckFracSols",4481185],["AddFracSolCuts",4481063],["BuildGraph",1221],["SPHeur",7637]],"LazyConstraintCounter":[["RCC",1],["SEC",47],["TailTournament",1]],"LowerBoundProgress":[[0.016000032424926758,[0.0,371.76545490543486]],[0.026000022888183594,[0.0,371.76545490543486]],[0.03500008583068848,[0.0,393.2825442365466]],[0.0410001277923584,[0.0,393.2825442365466]],[0.046000003814697266,[0.0,403.1520301595798]],[0.05000019073486328,[0.0,403.1520301595798]],[0.0560002326965332,[0.0,411.2719473744042]],[0.057000160217285156,[0.0,411.2719473744042]],[0.07900023460388184,[0.0,419.06423275709614]],[0.08000016212463379,[0.0,419.06423275709614]],[0.09400010108947754,[0.0,421.60433709410864]],[0.11400008201599121,[0.0,422.6970657830497]],[0.13200020790100098,[0.0,423.06806762585404]],[0.13300013542175293,[0.0,423.06806762585404]],[0.15400004386901855,[0.0,423.7939194331044]],[0.1940000057220459,[0.0,424.3592558545141]],[0.1960000991821289,[0.0,424.3592558545141]],[0.23200011253356934,[0.0,424.8578594838527]],[0.24600005149841309,[0.0,424.8578594838527]],[0.2870001792907715,[0.0,424.9017074678818]],[0.29200005531311035,[0.0,424.9017074678818]],[0.33300018310546875,[0.0,424.9017074678819]],[0.34400010108947754,[0.0,424.9017074678819]],[0.38500022888183594,[0.0,424.9017074678819]],[0.3860001564025879,[0.0,424.9017074678819]],[0.43400001525878906,[0.0,424.9017074678819]],[0.4350001811981201,[0.0,424.9017074678819]],[1.001000165939331,[0.0,424.9017074678819]],[1.0120000839233398,[0.0,424.9017074678819]],[1.062000036239624,[1.0,424.9017074678819]],[1.1019999980926514,[2.0,425.59527869657376]],[1.1160001754760742,[3.0,425.59527869657376]],[1.1580002307891846,[4.0,425.91996441097757]],[1.1730000972747803,[5.0,425.91996441097757]],[1.195000171661377,[6.0,426.1134352539782]],[1.25600004196167,[7.0,426.1134352539782]],[1.2930002212524414,[8.0,427.1694532080687]],[1.3330001831054688,[9.0,427.1694532080687]],[1.3590002059936523,[10.0,427.31166315286697]],[1.3990001678466797,[11.0,427.31166315286697]],[1.437000036239624,[12.0,427.31166315286697]],[1.4790000915527344,[13.0,427.31166315286697]],[1.511000156402588,[14.0,427.31166315286697]],[1.5290000438690186,[15.0,427.31166315286697]],[1.565000057220459,[16.0,427.31166315286697]],[1.5890002250671387,[17.0,427.31166315286697]],[1.636000156402588,[18.0,427.31166315286697]],[1.6620001792907715,[19.0,427.31166315286697]],[1.6990001201629639,[20.0,427.31166315286697]],[1.7340002059936523,[21.0,427.31166315286697]],[1.7420001029968262,[22.0,427.31166315286697]],[1.748000144958496,[23.0,427.31166315286697]],[1.7890000343322754,[24.0,427.31166315286697]],[1.808000087738037,[25.0,427.31166315286697]],[1.8450000286102295,[26.0,427.31166315286697]],[1.8700001239776611,[27.0,427.31166315286697]],[1.8880000114440918,[28.0,427.31166315286697]],[1.8970000743865967,[29.0,427.31166315286697]],[1.9050002098083496,[30.0,427.31166315286697]],[1.9150002002716064,[31.0,427.31166315286697]],[1.9530000686645508,[32.0,427.31166315286697]],[1.9860000610351562,[33.0,427.31166315286697]],[2.0240001678466797,[34.0,427.31166315286697]],[2.0430002212524414,[35.0,427.31166315286697]],[2.079000234603882,[36.0,427.31166315286697]],[2.0970001220703125,[37.0,427.31166315286697]],[2.1050000190734863,[38.0,427.31166315286697]],[2.119000196456909,[39.0,427.31166315286697]],[2.1560001373291016,[40.0,427.31166315286697]],[2.195000171661377,[41.0,427.31166315286697]],[2.2310001850128174,[42.0,427.31166315286697]],[2.267000198364258,[43.0,427.31166315286697]],[2.302000045776367,[44.0,427.31166315286697]],[2.311000108718872,[45.0,427.31166315286697]],[2.318000078201294,[46.0,427.31166315286697]],[2.330000162124634,[47.0,427.31166315286697]],[2.367000102996826,[48.0,427.31166315286697]],[2.4070000648498535,[49.0,427.31166315286697]],[2.44100022315979,[50.0,427.31166315286697]],[2.4600000381469727,[51.0,427.31166315286697]],[2.496000051498413,[52.0,427.31166315286697]],[2.501000165939331,[53.0,427.31166315286697]],[2.5430002212524414,[54.0,427.31166315286697]],[2.5840001106262207,[55.0,427.31166315286697]],[2.63100004196167,[56.0,427.31166315286697]],[2.94100022315979,[57.0,427.31166315286697]],[2.950000047683716,[58.0,427.31166315286697]],[2.9570000171661377,[59.0,427.31166315286697]],[2.9640002250671387,[60.0,427.31166315286697]],[2.9840002059936523,[61.0,427.31166315286697]],[3.0350000858306885,[62.0,427.31166315286697]],[3.0490000247955322,[63.0,427.31166315286697]],[3.0870001316070557,[64.0,427.31166315286697]],[3.127000093460083,[65.0,427.31166315286697]],[3.1700000762939453,[68.0,427.31166315286697]],[3.2120001316070557,[69.0,427.31166315286697]],[3.2240002155303955,[70.0,427.31166315286697]],[3.2370002269744873,[71.0,427.31166315286697]],[3.2950000762939453,[72.0,427.31166315286697]],[3.364000082015991,[73.0,427.31166315286697]],[3.368000030517578,[79.0,427.31166315286697]],[3.4200000762939453,[81.0,427.31166315286697]],[3.4769999980926514,[83.0,427.31166315286697]],[3.5370001792907715,[84.0,427.31166315286697]],[3.5470001697540283,[86.0,427.31166315286697]],[3.5970001220703125,[88.0,427.31166315286697]],[3.6530001163482666,[91.0,427.31166315286697]],[3.687000036239624,[93.0,427.31166315286697]],[3.692000150680542,[95.0,427.31166315286697]],[3.755000114440918,[96.0,427.31166315286697]],[3.820000171661377,[97.0,427.31166315286697]],[3.884000062942505,[98.0,427.31166315286697]],[3.930000066757202,[99.0,427.31166315286697]],[3.9760000705718994,[101.0,427.31166315286697]],[4.019000053405762,[103.0,427.31166315286697]],[4.062000036239624,[104.0,427.31166315286697]],[4.0950000286102295,[107.0,427.31166315286697]],[4.132000207901001,[110.0,427.31166315286697]],[4.1600000858306885,[114.0,427.31166315286697]],[4.1650002002716064,[119.0,427.31166315286697]],[4.176000118255615,[120.0,427.5136016216612]],[4.2220001220703125,[123.0,427.5136016216612]],[4.2230000495910645,[125.0,427.5136016216612]],[4.263000011444092,[126.0,427.5136016216612]],[4.303000211715698,[127.0,427.5136016216612]],[4.3440001010894775,[128.0,427.5136016216612]],[4.363000154495239,[129.0,427.5136016216612]],[4.4090001583099365,[130.0,427.5136016216612]],[4.449000120162964,[131.0,427.5136016216612]],[4.487000226974487,[132.0,