{"DeletedArcs":0,"Gap":0.0,"InfTailPath":0,"NodeCount":1.0,"Runtime":0.2839999198913574,"SimplexIterations":407.0,"SubtourTracker":{"CutCounter":[["RCC",166],["MSTAR",211],["FCI",15],["GLM",8],["CAT",11]],"CutTimer":[["RCC",156562],["MSTAR",13729],["FCI",9096],["GLM",1125],["CAT",1434],["DKplus",164],["DKminus",143]],"ElementCallCounter":[["IntegerSolutions",18],["DetermineRoutes",18],["CheckRoutes",18],["IntegerRoutes",77],["SingleCustRoutes",16],["MinNumVeh",61],["DisconnectedRoutes",5],["ConnectedRoutes",56],["SingleVehicle",0],["MinVehApproxInf",20],["RoutePrechecked",0],["RoutePrecheckedNot",0],["CustCombiInfeasible",0],["CustCombiInfNot",0],["HeuristicFeas",0],["HeuristicInf",0],["CPCheck",0],["ExactLimitFeas",0],["ExactLimitInf",0],["ExactLimitUnk",0],["TwoPath",0],["TwoPathNot",0],["RegTournamentPath",0],["RegTournamentPathNot",0],["TailTournamentPath",0],["ExactFeas",0],["ExactInf",0],["ExactInvalid",0],["RevSeq",0],["RevHeurFeas",0],["RevExactFeas",0],["RevInf",0],["CheckFracSols",8],["AddFracSolCuts",8],["BuildGraph",8],["SPHeur",2]],"ElementCallTime":[["IntegerSolutions",12273],["DetermineRoutes",86],["CheckRoutes",12045],["IntegerRoutes",0],["SingleCustRoutes",0],["MinNumVeh",11136],["DisconnectedRoutes",111],["ConnectedRoutes",0],["SingleVehicle",0],["MinVehApproxInf",745],["RoutePrechecked",0],["RoutePrecheckedNot",0],["CustCombiInfeasible",0],["CustCombiInfNot",0],["HeuristicFeas",0],["HeuristicInf",0],["CPCheck",0],["ExactLimitFeas",0],["ExactLimitInf",0],["ExactLimitUnk",0],["TwoPath",0],["TwoPathNot",0],["RegTournamentPath",0],["RegTournamentPathNot",0],["TailTournamentPath",0],["ExactFeas",0],["ExactInf",0],["ExactInvalid",0],["RevSeq",0],["RevHeurFeas",0],["RevExactFeas",0],["RevInf",0],["CheckFracSols",182617],["AddFracSolCuts",182608],["BuildGraph",161],["SPHeur",1418]],"LazyConstraintCounter":[["SEC",25]],"LowerBoundProgress":[[0.007999897003173828,[0.0,309.1569263361615]],[0.019999980926513672,[0.0,309.1569263361615]],[0.03399991989135742,[0.0,345.2397233541822]],[0.042999982833862305,[0.0,345.2397233541822]],[0.05099987983703613,[0.0,355.3240201177994]],[0.06399989128112793,[0.0,355.3240201177994]],[0.07299995422363281,[0.0,363.99456719983453]],[0.07800006866455078,[0.0,363.99456719983453]],[0.09400010108947754,[0.0,367.66860252547315]],[0.11999988555908203,[0.0,370.36613432388924]],[0.12400007247924805,[0.0,370.36613432388924]],[0.13499999046325684,[0.0,370.70101491194896]],[0.1359999179840088,[0.0,370.70101491194896]],[0.1700000762939453,[0.0,370.70101491194896]],[0.1770000457763672,[0.0,370.70101491194896]],[0.1789999008178711,[0.0,370.70101491194896]],[0.18199992179870605,[0.0,370.70101491194896]],[0.2820000648498535,[0.0,375.2797871480125]]],"UpperBoundProgress":[[0.002000093460083008,[387.5429560469643,false]],[0.1659998893737793,[375.2797871480125,false]]]},"Timer":{"Branch&Cut":0.2862641,"InfeasibleArcs":2.7e-06,"LowerBoundVehicles":0.0051464,"StartSolution":0.0014462}}