{"DeletedArcs":0,"Gap":0.0,"InfTailPath":0,"NodeCount":414.0,"Runtime":1.0929999351501465,"SimplexIterations":4907.0,"SubtourTracker":{"CutCounter":[["RCC",276],["MSTAR",1865],["FCI",886],["GLM",16],["CAT",48],["DKplus",2],["DKminus",2]],"CutTimer":[["RCC",66285],["MSTAR",198771],["FCI",520737],["GLM",3386],["CAT",51928],["DKplus",2422],["DKminus",2071]],"ElementCallCounter":[["IntegerSolutions",35],["DetermineRoutes",35],["CheckRoutes",35],["IntegerRoutes",107],["SingleCustRoutes",13],["MinNumVeh",94],["DisconnectedRoutes",2],["ConnectedRoutes",92],["SingleVehicle",0],["MinVehApproxInf",33],["RoutePrechecked",0],["RoutePrecheckedNot",0],["CustCombiInfeasible",0],["CustCombiInfNot",0],["HeuristicFeas",0],["HeuristicInf",0],["CPCheck",0],["ExactLimitFeas",0],["ExactLimitInf",0],["ExactLimitUnk",0],["TwoPath",0],["TwoPathNot",0],["RegTournamentPath",0],["RegTournamentPathNot",0],["TailTournamentPath",0],["ExactFeas",0],["ExactInf",0],["ExactInvalid",0],["RevSeq",0],["RevHeurFeas",0],["RevExactFeas",0],["RevInf",0],["CheckFracSols",431],["AddFracSolCuts",166],["BuildGraph",166],["SPHeur",3]],"ElementCallTime":[["IntegerSolutions",10408],["DetermineRoutes",146],["CheckRoutes",10052],["IntegerRoutes",0],["SingleCustRoutes",0],["MinNumVeh",8797],["DisconnectedRoutes",114],["ConnectedRoutes",0],["SingleVehicle",0],["MinVehApproxInf",1046],["RoutePrechecked",0],["RoutePrecheckedNot",0],["CustCombiInfeasible",0],["CustCombiInfNot",0],["HeuristicFeas",0],["HeuristicInf",0],["CPCheck",0],["ExactLimitFeas",0],["ExactLimitInf",0],["ExactLimitUnk",0],["TwoPath",0],["TwoPathNot",0],["RegTournamentPath",0],["RegTournamentPathNot",0],["TailTournamentPath",0],["ExactFeas",0],["ExactInf",0],["ExactInvalid",0],["RevSeq",0],["RevHeurFeas",0],["RevExactFeas",0],["RevInf",0],["CheckFracSols",848355],["AddFracSolCuts",848252],["BuildGraph",1023],["SPHeur",2297]],"LazyConstraintCounter":[["RCC",13],["SEC",35]],"LowerBoundProgress":[[0.008999824523925781,[0.0,250.13266620402635]],[0.01399993896484375,[0.0,250.13266620402635]],[0.021999835968017578,[0.0,255.78356453641854]],[0.0279998779296875,[0.0,255.78356453641854]],[0.034999847412109375,[0.0,257.5411067041584]],[0.03900003433227539,[0.0,257.5411067041584]],[0.04999995231628418,[0.0,260.71890631209493]],[0.05499982833862305,[0.0,264.96427425387185]],[0.06200003623962402,[0.0,267.57793157023383]],[0.06299996376037598,[0.0,267.57793157023383]],[0.06499981880187988,[0.0,268.42913474194637]],[0.0690000057220459,[0.0,268.5914204287903]],[0.07499980926513672,[0.0,268.5914204287903]],[0.08599996566772461,[0.0,269.45132078005463]],[0.0969998836517334,[0.0,269.45132078005463]],[0.10099983215332031,[0.0,269.45132078005463]],[0.10299992561340332,[0.0,269.45132078005463]],[0.10699987411499023,[0.0,269.45132078005463]],[0.11999988555908203,[0.0,269.45132078005463]],[0.12199997901916504,[0.0,269.45132078005463]],[0.1269998550415039,[0.0,269.45132078005463]],[0.12800002098083496,[0.0,269.45132078005463]],[0.13699984550476074,[0.0,269.788459589439]],[0.1380000114440918,[0.0,269.788459589439]],[0.1419999599456787,[0.0,269.839131970682]],[0.14299988746643066,[0.0,269.839131970682]],[0.15400004386901855,[0.0,270.11435688468055]],[0.15899991989135742,[0.0,270.11435688468055]],[0.16699981689453125,[0.0,270.26034777117394]],[0.17599987983703613,[0.0,270.26034777117394]],[0.19099998474121094,[0.0,270.26034777117405]],[0.1940000057220459,[0.0,270.26034777117405]],[0.21399998664855957,[0.0,270.26034777117405]],[0.22299981117248535,[0.0,270.26034777117405]],[0.23599982261657715,[1.0,270.26034777117405]],[0.24699997901916504,[2.0,270.45379227685345]],[0.25300002098083496,[3.0,270.45379227685345]],[0.2609999179840088,[4.0,270.5710572982917]],[0.2669999599456787,[6.0,271.36332024183645]],[0.27499985694885254,[7.0,271.36332024183645]],[0.2760000228881836,[9.0,271.36332024183724]],[0.27699995040893555,[12.0,271.3633202418373]],[0.2819998264312744,[13.0,271.3633202418373]],[0.28299999237060547,[14.0,271.3633202418373]],[0.28799986839294434,[15.0,271.3633202418373]],[0.2890000343322754,[16.0,271.6347730505033]],[0.29199981689453125,[17.0,271.6347730505033]],[0.2949998378753662,[18.0,271.6347730505033]],[0.30099987983703613,[19.0,271.6347730505033]],[0.30699992179870605,[21.0,271.6347730505033]],[0.312999963760376,[22.0,271.6347730505035]],[0.31399989128112793,[23.0,271.6347730505035]],[0.32899999618530273,[24.0,271.9696480691471]],[0.33299994468688965,[25.0,271.9696480691471]],[0.3399999141693115,[26.0,271.9696480691471]],[0.34399986267089844,[27.0,271.9696480691471]],[0.34999990463256836,[28.0,271.9696480691471]],[0.3559999465942383,[29.0,271.9696480691471]],[0.36500000953674316,[30.0,271.97564217475235]],[0.3689999580383301,[31.0,271.97564217475235]],[0.3969998359680176,[32.0,272.4094257227823]],[0.40799999237060547,[33.0,272.4094257227823]],[0.4099998474121094,[34.0,272.4094257227823]],[0.41299986839294434,[35.0,272.4094257227823]],[0.42100000381469727,[36.0,272.4094257227823]],[0.4289999008178711,[37.0,272.4094257227823]],[0.43599987030029297,[38.0,272.4094257227823]],[0.43899989128112793,[39.0,272.4094257227823]],[0.45399999618530273,[40.0,272.4094257227823]],[0.4629998207092285,[41.0,272.4094257227823]],[0.46700000762939453,[42.0,272.4094257227823]],[0.4700000286102295,[43.0,272.4094257227823]],[0.4789998531341553,[45.0,272.4094257227823]],[0.48599982261657715,[46.0,272.4094257227823]],[0.49199986457824707,[47.0,272.4094257227823]],[0.4939999580383301,[48.0,272.4094257227823]],[0.5089998245239258,[49.0,272.4094257227823]],[0.5249998569488525,[50.0,272.4094257227823]],[0.5360000133514404,[51.0,272.4094257227823]],[0.5429999828338623,[52.0,272.4094257227823]],[0.5469999313354492,[54.0,272.4094257227823]],[0.5490000247955322,[56.0,272.4094257227823]],[0.5529999732971191,[57.0,272.4094257227823]],[0.5679998397827148,[58.0,272.4094257227823]],[0.5749998092651367,[59.0,272.4094257227823]],[0.5789999961853027,[60.0,272.4094257227823]],[0.5899999141693115,[61.0,272.4094257227823]],[0.5959999561309814,[62.0,272.4094257227823]],[0.5989999771118164,[63.0,272.4094257227823]],[0.6019999980926514,[64.0,272.4094257227823]],[0.6089999675750732,[65.0,272.4094257227823]],[0.619999885559082,[66.0,272.4094257227823]],[0.6310000419616699,[67.0,272.4094257227823]],[0.6349999904632568,[71.0,272.4094257227823]],[0.6380000114440918,[72.0,272.4094257227823]],[0.6389999389648438,[73.0,272.4094257227823]],[0.6419999599456787,[74.0,272.4094257227823]],[0.6540000438690186,[75.0,272.4094257227823]],[0.6710000038146973,[76.0,272.4094257227823]],[0.6729998588562012,[77.0,272.4094257227823]],[0.6749999523162842,[78.0,272.4094257227823]],[0.6779999732971191,[79.0,272.4094257227823]],[0.681999921798706,[81.0,272.4094257227823]],[0.6840000152587891,[82.0,272.4094257227823]],[0.685999870300293,[83.0,272.4094257227823]],[0.6889998912811279,[84.0,272.4094257227823]],[0.7070000171661377,[85.0,272.4094257227823]],[0.7239999771118164,[86.0,272.4094257227823]],[0.7269999980926514,[89.0,272.4094257227823]],[0.7379999160766602,[90.0,272.4094257227823]],[0.744999885559082,[91.0,272.4094257227823]],[0.7519998550415039,[92.0,272.4094257227823]],[0.753000020980835,[95.0,272.4094257227823]],[0.7599999904632568,[96.0,272.4094257227823]],[0.7609999179840088,[99.0,272.4094257227823]],[0.7639999389648438,[100.0,272.4094257227823]],[0.7689998149871826,[101.0,272.4094257227823]],[0.7760000228881836,[102.0,272.4094257227823]],[0.7779998779296875,[103.0,272.4094257227823]],[0.7929999828338623,[104.0,272.4094257227823]],[0.7949998378753662,[105.0,272.4094257227823]],[0.8019998073577881,[107.0,272.4094257227823]],[0.807999849319458,[108.0,272.4094257227823]],[0.8159999847412109,[109.0,272.4094257227823]],[0.8339998722076416,[110.0,272.4094257227823]],[0.8359999656677246,[111.0,272.4094257227823]],[0.8420000076293945,[112.0,272.4094257227823]],[0.8439998626708984,[114.0,272.4094257227823]],[0.8569998741149902,[115.0,272.4094257227823]],[0.8589999675750732,[116.0,272.4094257227823]],[0.870999813079834,[119.0,