{"DeletedArcs":2,"Gap":0.0,"InfTailPath":0,"NodeCount":2829.0,"Runtime":11.98200011253357,"SimplexIterations":37858.0,"SubtourTracker":{"CutCounter":[["RCC",1415],["MSTAR",7520],["FCI",3056],["GLM",77],["CAT",95],["DKplus",8],["DKminus",5]],"CutTimer":[["RCC",206542],["MSTAR",793528],["FCI",2941736],["GLM",12899],["CAT",137882],["DKplus",4404],["DKminus",3802]],"ElementCallCounter":[["IntegerSolutions",164],["DetermineRoutes",164],["CheckRoutes",164],["IntegerRoutes",663],["SingleCustRoutes",25],["MinNumVeh",638],["DisconnectedRoutes",7],["ConnectedRoutes",631],["SingleVehicle",422],["MinVehApproxInf",209],["RoutePrechecked",234],["RoutePrecheckedNot",188],["CustCombiInfeasible",5],["CustCombiInfNot",183],["HeuristicFeas",153],["HeuristicInf",30],["CPCheck",0],["ExactLimitFeas",14],["ExactLimitInf",1],["ExactLimitUnk",0],["TwoPath",3],["TwoPathNot",0],["RegTournamentPath",0],["RegTournamentPathNot",0],["TailTournamentPath",0],["ExactFeas",13],["ExactInf",2],["ExactInvalid",0],["RevSeq",0],["RevHeurFeas",0],["RevExactFeas",0],["RevInf",0],["CheckFracSols",2832],["AddFracSolCuts",235],["BuildGraph",235],["SPHeur",11]],"ElementCallTime":[["IntegerSolutions",5511526],["DetermineRoutes",725],["CheckRoutes",5509369],["IntegerRoutes",0],["SingleCustRoutes",0],["MinNumVeh",64333],["DisconnectedRoutes",183],["ConnectedRoutes",0],["SingleVehicle",5437976],["MinVehApproxInf",6137],["RoutePrechecked",18],["RoutePrecheckedNot",7],["CustCombiInfeasible",122],["CustCombiInfNot",71],["HeuristicFeas",122567],["HeuristicInf",455120],["CPCheck",0],["ExactLimitFeas",626943],["ExactLimitInf",193137],["ExactLimitUnk",0],["TwoPath",258525],["TwoPathNot",0],["RegTournamentPath",0],["RegTournamentPathNot",0],["TailTournamentPath",0],["ExactFeas",1484015],["ExactInf",2296662],["ExactInvalid",0],["RevSeq",0],["RevHeurFeas",0],["RevExactFeas",0],["RevInf",0],["CheckFracSols",4106060],["AddFracSolCuts",4105870],["BuildGraph",1869],["SPHeur",439651]],"LazyConstraintCounter":[["RCC",68],["SEC",221],["TwoPath",3],["TwoPathMIS",1]],"LowerBoundProgress":[[0.0280001163482666,[0.0,321.3793972558201]],[0.1640000343322754,[0.0,321.3793972558201]],[0.18200016021728516,[0.0,335.4677865389115]],[0.19099998474121094,[0.0,335.4677865389115]],[0.20099997520446777,[0.0,345.52087720101156]],[0.2050001621246338,[0.0,345.52087720101156]],[0.22600007057189941,[0.0,348.6771269842089]],[0.22699999809265137,[0.0,348.6771269842089]],[0.2720000743865967,[0.0,349.2457112171394]],[0.317000150680542,[0.0,349.40960668023934]],[0.31800007820129395,[0.0,349.40960668023934]],[0.3510000705718994,[0.0,349.5534439579902]],[0.35199999809265137,[0.0,349.5534439579902]],[0.3940000534057617,[0.0,349.75735763233627]],[0.40400004386901855,[0.0,349.75735763233627]],[0.4479999542236328,[0.0,349.76202668273845]],[0.4509999752044678,[0.0,349.76202668273845]],[0.7970001697540283,[0.0,349.76202668273845]],[0.812999963760376,[0.0,349.76202668273845]],[0.8580000400543213,[1.0,349.76202668273856]],[0.8919999599456787,[2.0,350.87974457119117]],[0.9079999923706055,[3.0,350.87974457119117]],[0.9249999523162842,[4.0,350.87974457119117]],[0.937999963760376,[5.0,350.87974457119117]],[0.9509999752044678,[6.0,350.87974457119117]],[0.9709999561309814,[7.0,350.87974457119117]],[1.0199999809265137,[8.0,351.1552381920007]],[1.068000078201294,[9.0,351.1552381920007]],[1.1070001125335693,[10.0,351.1552381920007]],[1.1470000743865967,[12.0,351.4049322869304]],[1.2000000476837158,[14.0,351.4049322869304]],[1.3580000400543213,[15.0,351.4049322869304]],[1.3919999599456787,[16.0,351.4049322869304]],[1.4240000247955322,[17.0,351.4049322869304]],[1.4830000400543213,[18.0,351.5891732409988]],[1.4880001544952393,[19.0,351.5891732409988]],[1.5190000534057617,[20.0,351.5891732409988]],[1.5510001182556152,[22.0,351.5891732409988]],[1.5829999446868896,[23.0,351.5891732409988]],[1.6150000095367432,[24.0,351.61507025538003]],[1.6619999408721924,[25.0,351.61507025538003]],[1.6779999732971191,[26.0,351.61507025538003]],[1.694000005722046,[29.0,351.61507025538003]],[1.7409999370574951,[30.0,351.61507025538003]],[1.7730000019073486,[32.0,351.6557497126313]],[1.8050000667572021,[33.0,351.6557497126313]],[1.8259999752044678,[34.0,351.6557497126313]],[1.8519999980926514,[35.0,351.6557497126313]],[1.8900001049041748,[36.0,351.6557497126313]],[1.8970000743865967,[37.0,351.6557497126313]],[1.930999994277954,[38.0,351.6557497126313]],[1.9820001125335693,[40.0,351.6557497126313]],[2.0139999389648438,[42.0,351.6557497126313]],[2.0390000343322754,[43.0,351.6557497126313]],[2.0759999752044678,[44.0,351.6557497126313]],[2.0789999961853027,[45.0,351.6557497126313]],[2.115000009536743,[46.0,351.6557497126313]],[2.1500000953674316,[47.0,351.6557497126313]],[2.2060000896453857,[48.0,351.6557497126313]],[2.243000030517578,[49.0,351.6557497126313]],[2.253000020980835,[50.0,351.6557497126313]],[2.263000011444092,[51.0,351.6557497126313]],[2.2730000019073486,[52.0,351.6557497126313]],[2.2980000972747803,[53.0,351.6557497126313]],[2.312999963760376,[54.0,351.6557497126313]],[2.3580000400543213,[56.0,351.6557497126313]],[2.3930001258850098,[57.0,351.6557497126313]],[2.4090001583099365,[59.0,351.6557497126313]],[2.440000057220459,[60.0,351.6557497126313]],[2.4720001220703125,[61.0,351.6557497126313]],[2.4880001544952393,[62.0,351.6557497126313]],[2.503999948501587,[63.0,351.6557497126313]],[2.5199999809265137,[64.0,351.6557497126313]],[2.552000045776367,[65.0,351.6557497126313]],[2.5759999752044678,[67.0,351.6557497126313]],[2.6070001125335693,[69.0,351.6557497126313]],[2.615000009536743,[70.0,351.6557497126313]],[2.6470000743865967,[72.0,351.6557497126313]],[2.7009999752044678,[73.0,351.6557497126313]],[2.7100000381469727,[75.0,351.6557497126313]],[2.742000102996826,[76.0,351.6557497126313]],[2.763000011444092,[77.0,351.6557497126313]],[2.7740001678466797,[78.0,351.6557497126313]],[2.7950000762939453,[79.0,351.6557497126313]],[2.8259999752044678,[80.0,351.6557497126313]],[2.86899995803833,[81.0,351.6557497126313]],[2.884999990463257,[82.0,351.6557497126313]],[2.9010000228881836,[83.0,351.6557497126313]],[2.933000087738037,[84.0,351.6557497126313]],[2.9820001125335693,[85.0,351.6557497126313]],[3.013000011444092,[88.0,351.6557497126313]],[3.0450000762939453,[89.0,351.6557497126313]],[3.075000047683716,[90.0,351.6557497126313]],[3.0759999752044678,[91.0,351.6557497126313]],[3.1070001125335693,[92.0,351.6557497126313]],[3.123000144958496,[93.0,351.6557497126313]],[3.138000011444092,[94.0,351.6557497126313]],[3.1540000438690186,[95.0,351.6557497126313]],[3.2009999752044678,[96.0,351.6557497126313]],[3.248000144958496,[97.0,351.6557497126313]],[3.2790000438690186,[98.0,351.6557497126313]],[3.3259999752044678,[99.0,351.6557497126313]],[3.3420000076293945,[100.0,351.6557497126313]],[3.3570001125335693,[101.0,351.6557497126313]],[3.388000011444092,[102.0,351.6557497126313]],[3.4200000762939453,[104.0,351.6557497126313]],[3.434999942779541,[108.0,351.6557497126313]],[3.4509999752044678,[109.0,351.6557497126313]],[3.4670000076293945,[110.0,351.6557497126313]],[3.4820001125335693,[112.0,351.6557497126313]],[3.498000144958496,[113.0,351.6557497126313]],[3.5450000762939453,[114.0,351.6557497126313]],[3.5759999752044678,[115.0,351.6557497126313]],[3.6070001125335693,[116.0,351.6557497126313]],[3.623000144958496,[118.0,351.6557497126313]],[3.638000011444092,[119.0,351.6557497126313]],[3.6700000762939453,[120.0,351.6557497126313]],[3.7170000076293945,[121.0,351.6557497126313]],[3.7320001125335693,[124.0,351.6557497126313]],[3.763000011444092,[126.0,351.6557497126313]],[3.7790000438690186,[127.0,351.6557497126313]],[3.809999942779541,[128.0,351.6557497126313]],[3.8259999752044678,[130.0,351.6557497126313]],[3.8420000076293945,[131.0,351.6557497126313]],[3.873000144958496,[133.0,351.6557497126313]],[3.9040000438690186,[134.0,351.6557497126313]],[3.9509999752044678,[135.0,351.6557497126313]],[3.9670000076293945,[136.0,351.6557497126313]],[3.9820001125335693,[137.0,351.6557497126313]],