{"DeletedArcs":2,"Gap":0.0,"InfTailPath":0,"NodeCount":230.0,"Runtime":2.4509999752044678,"SimplexIterations":3315.0,"SubtourTracker":{"CutCounter":[["RCC",371],["MSTAR",3468],["FCI",1856],["GLM",35],["CAT",18],["DKplus",1],["DKminus",1]],"CutTimer":[["RCC",69031],["MSTAR",267992],["FCI",1698644],["GLM",4115],["CAT",58676],["DKplus",1826],["DKminus",1540]],"ElementCallCounter":[["IntegerSolutions",29],["DetermineRoutes",29],["CheckRoutes",29],["IntegerRoutes",145],["SingleCustRoutes",22],["MinNumVeh",123],["DisconnectedRoutes",0],["ConnectedRoutes",123],["SingleVehicle",0],["MinVehApproxInf",34],["RoutePrechecked",0],["RoutePrecheckedNot",0],["CustCombiInfeasible",0],["CustCombiInfNot",0],["HeuristicFeas",0],["HeuristicInf",0],["CPCheck",0],["ExactLimitFeas",0],["ExactLimitInf",0],["ExactLimitUnk",0],["TwoPath",0],["TwoPathNot",0],["RegTournamentPath",0],["RegTournamentPathNot",0],["TailTournamentPath",0],["ExactFeas",0],["ExactInf",0],["ExactInvalid",0],["RevSeq",0],["RevHeurFeas",0],["RevExactFeas",0],["RevInf",0],["CheckFracSols",248],["AddFracSolCuts",146],["BuildGraph",146],["SPHeur",3]],"ElementCallTime":[["IntegerSolutions",9939],["DetermineRoutes",126],["CheckRoutes",9620],["IntegerRoutes",0],["SingleCustRoutes",0],["MinNumVeh",8850],["DisconnectedRoutes",0],["ConnectedRoutes",0],["SingleVehicle",0],["MinVehApproxInf",677],["RoutePrechecked",0],["RoutePrecheckedNot",0],["CustCombiInfeasible",0],["CustCombiInfNot",0],["HeuristicFeas",0],["HeuristicInf",0],["CPCheck",0],["ExactLimitFeas",0],["ExactLimitInf",0],["ExactLimitUnk",0],["TwoPath",0],["TwoPathNot",0],["RegTournamentPath",0],["RegTournamentPathNot",0],["TailTournamentPath",0],["ExactFeas",0],["ExactInf",0],["ExactInvalid",0],["RevSeq",0],["RevHeurFeas",0],["RevExactFeas",0],["RevInf",0],["CheckFracSols",2104594],["AddFracSolCuts",2104488],["BuildGraph",708],["SPHeur",2232]],"LazyConstraintCounter":[["RCC",15],["SEC",34]],"LowerBoundProgress":[[0.006999969482421875,[0.0,295.17078089793995]],[0.015000104904174805,[0.0,295.17078089793995]],[0.02200007438659668,[0.0,304.20774309386235]],[0.02500009536743164,[0.0,304.20774309386235]],[0.029000043869018555,[0.0,312.6590010067315]],[0.03399991989135742,[0.0,312.6590010067315]],[0.03800010681152344,[0.0,315.33617804263145]],[0.039999961853027344,[0.0,318.56417269293354]],[0.07400012016296387,[0.0,323.0178942203073]],[0.0820000171661377,[0.0,324.08663483636576]],[0.08299994468688965,[0.0,324.08663483636576]],[0.08500003814697266,[0.0,324.8440573648134]],[0.11599993705749512,[0.0,325.11572282386135]],[0.11700010299682617,[0.0,325.11572282386135]],[0.13000011444091797,[0.0,325.2555767407556]],[0.13700008392333984,[0.0,325.2555767407556]],[0.16000008583068848,[0.0,325.64039725042755]],[0.16199994087219238,[0.0,325.64039725042755]],[0.19300007820129395,[0.0,325.83760827293565]],[0.2239999771118164,[0.0,325.8855686134725]],[0.25300002098083496,[0.0,325.9533101722419]],[0.28600001335144043,[0.0,325.9999371268405]],[0.2869999408721924,[0.0,325.9999371268405]],[0.3210000991821289,[0.0,326.0043526607707]],[0.3299999237060547,[0.0,326.0043526607707]],[0.36700010299682617,[0.0,326.00762144212473]],[0.37400007247924805,[0.0,326.00762144212473]],[0.4809999465942383,[0.0,326.007621442125]],[0.4830000400543213,[0.0,326.007621442125]],[0.681999921798706,[0.0,326.007621442125]],[0.6909999847412109,[0.0,326.007621442125]],[0.7290000915527344,[1.0,326.007621442125]],[0.7650001049041748,[2.0,326.55009847603503]],[0.7720000743865967,[3.0,326.55009847603503]],[0.7980000972747803,[4.0,326.55009847603526]],[0.8020000457763672,[5.0,326.55009847603526]],[0.814000129699707,[6.0,326.55009847603526]],[0.8240001201629639,[7.0,326.55009847603526]],[0.8489999771118164,[8.0,326.6106371998854]],[0.8619999885559082,[9.0,326.6106371998854]],[0.8650000095367432,[10.0,326.6106371998854]],[0.874000072479248,[11.0,326.6106371998854]],[0.8849999904632568,[12.0,326.6106371998854]],[0.8859999179840088,[13.0,326.6106371998854]],[0.9100000858306885,[14.0,326.6106371998854]],[0.9240000247955322,[15.0,326.6106371998854]],[0.9509999752044678,[16.0,326.6106371998854]],[0.9670000076293945,[17.0,326.6106371998854]],[0.9850001335144043,[18.0,326.6106371998854]],[0.9860000610351562,[19.0,326.6106371998854]],[0.9909999370574951,[20.0,326.6106371998854]],[0.996999979019165,[21.0,326.6106371998854]],[1.003000020980835,[23.0,326.6106371998854]],[1.0250000953674316,[24.0,326.6106371998854]],[1.0399999618530273,[25.0,326.6106371998854]],[1.0469999313354492,[26.0,326.6106371998854]],[1.0480000972747803,[27.0,326.6106371998854]],[1.058000087738037,[28.0,326.6106371998854]],[1.0699999332427979,[29.0,326.6106371998854]],[1.0759999752044678,[31.0,326.6106371998854]],[1.0989999771118164,[32.0,326.6106371998854]],[1.0999999046325684,[34.0,326.6106371998854]],[1.122999906539917,[35.0,326.6106371998854]],[1.1400001049041748,[36.0,326.6106371998854]],[1.1410000324249268,[38.0,326.6106371998854]],[1.1470000743865967,[39.0,326.6106371998854]],[1.1740000247955322,[40.0,326.6106371998854]],[1.2039999961853027,[41.0,326.6106371998854]],[1.2100000381469727,[42.0,326.6106371998854]],[1.2149999141693115,[43.0,326.6106371998854]],[1.2320001125335693,[44.0,326.6106371998854]],[1.2379999160766602,[45.0,326.6106371998854]],[1.2420001029968262,[46.0,326.6106371998854]],[1.2680001258850098,[47.0,326.6106371998854]],[1.2960000038146973,[48.0,326.6106371998854]],[1.3269999027252197,[49.0,326.6106371998854]],[1.3280000686645508,[50.0,326.6106371998854]],[1.3589999675750732,[51.0,326.6106371998854]],[1.3629999160766602,[52.0,326.6106371998854]],[1.3640000820159912,[53.0,326.6106371998854]],[1.36899995803833,[54.0,326.6106371998854]],[1.374000072479248,[55.0,326.6106371998854]],[1.3900001049041748,[56.0,326.6106371998854]],[1.4030001163482666,[57.0,326.6106371998854]],[1.4070000648498535,[58.0,326.6106371998854]],[1.4079999923706055,[59.0,326.6106371998854]],[1.4089999198913574,[61.0,326.6106371998854]],[1.4210000038146973,[62.0,326.6106371998854]],[1.428999900817871,[63.0,326.6106371998854]],[1.4470000267028809,[64.0,326.6106371998854]],[1.4760000705718994,[66.0,326.6106371998854]],[1.503000020980835,[67.0,326.6106371998854]],[1.508000135421753,[70.0,326.6106371998854]],[1.5309998989105225,[71.0,326.6106371998854]],[1.5350000858306885,[78.0,326.6106371998854]],[1.5410001277923584,[80.0,326.6106371998854]],[1.571000099182129,[81.0,326.6106371998854]],[1.5769999027252197,[82.0,326.6106371998854]],[1.6019999980926514,[83.0,326.6106371998854]],[1.6140000820159912,[84.0,326.6106371998854]],[1.6440000534057617,[91.0,326.6106371998854]],[1.6489999294281006,[94.0,326.6106371998854]],[1.6530001163482666,[95.0,326.6106371998854]],[1.6670000553131104,[96.0,326.6106371998854]],[1.678999900817871,[97.0,326.6106371998854]],[1.7019999027252197,[102.0,326.6106371998854]],[1.7149999141693115,[103.0,326.6106371998854]],[1.7190001010894775,[104.0,326.6106371998854]],[1.7309999465942383,[105.0,326.6106371998854]],[1.7339999675750732,[106.0,326.6106371998854]],[1.7369999885559082,[107.0,326.6106371998854]],[1.746000051498413,[108.0,326.6106371998854]],[1.7720000743865967,[109.0,326.6106371998854]],[1.7809998989105225,[110.0,326.6106371998854]],[1.7829999923706055,[111.0,326.6106371998854]],[1.7860000133514404,[112.0,326.6106371998854]],[1.814000129699707,[114.0,326.6106371998854]],[1.818000078201294,[119.0,326.6106371998854]],[1.821000099182129,[121.0,326.6106371998854]],[1.8269999027252197,[122.0,326.6106371998854]],[1.8440001010894775,[123.0,326.6106371998854]],[1.871000051498413,[124.0,326.6106371998854]],[1.9040000438690186,[127.0,326.6106371998854]],[1.936000108718872,[128.0,326.6106371998854]],[1.939000129699707,[129.0,326.6106371998854]],[1.941999912261963,[130.0,326.6106371998854]],[1.946000099182129,[131.0,326.6106371998854]],[1.9490001201629639,[133.0,326.6106371998854]],[1.9530000686645508,[134.0,326.6106371998854]],[1.9560000896453857,[135.0,326.6106371998854]],[1.9609999656677246,[141.0,326.6106371998854]],[1.9660000801086426,[142.0,