{"DeletedArcs":2,"Gap":0.0,"InfTailPath":0,"NodeCount":294.0,"Runtime":2.2309999465942383,"SimplexIterations":3708.0,"SubtourTracker":{"CutCounter":[["RCC",501],["MSTAR",3142],["FCI",1660],["GLM",47],["CAT",3]],"CutTimer":[["RCC",64810],["MSTAR",281934],["FCI",1473497],["GLM",5758],["CAT",75919],["DKplus",2237],["DKminus",1883]],"ElementCallCounter":[["IntegerSolutions",31],["DetermineRoutes",31],["CheckRoutes",31],["IntegerRoutes",155],["SingleCustRoutes",17],["MinNumVeh",138],["DisconnectedRoutes",0],["ConnectedRoutes",138],["SingleVehicle",107],["MinVehApproxInf",31],["RoutePrechecked",94],["RoutePrecheckedNot",13],["CustCombiInfeasible",0],["CustCombiInfNot",13],["HeuristicFeas",13],["HeuristicInf",0],["CPCheck",0],["ExactLimitFeas",0],["ExactLimitInf",0],["ExactLimitUnk",0],["TwoPath",0],["TwoPathNot",0],["RegTournamentPath",0],["RegTournamentPathNot",0],["TailTournamentPath",0],["ExactFeas",0],["ExactInf",0],["ExactInvalid",0],["RevSeq",0],["RevHeurFeas",0],["RevExactFeas",0],["RevInf",0],["CheckFracSols",309],["AddFracSolCuts",168],["BuildGraph",168],["SPHeur",1]],"ElementCallTime":[["IntegerSolutions",10682],["DetermineRoutes",131],["CheckRoutes",10369],["IntegerRoutes",0],["SingleCustRoutes",0],["MinNumVeh",8277],["DisconnectedRoutes",0],["ConnectedRoutes",0],["SingleVehicle",1247],["MinVehApproxInf",705],["RoutePrechecked",3],["RoutePrecheckedNot",0],["CustCombiInfeasible",0],["CustCombiInfNot",0],["HeuristicFeas",1197],["HeuristicInf",0],["CPCheck",0],["ExactLimitFeas",0],["ExactLimitInf",0],["ExactLimitUnk",0],["TwoPath",0],["TwoPathNot",0],["RegTournamentPath",0],["RegTournamentPathNot",0],["TailTournamentPath",0],["ExactFeas",0],["ExactInf",0],["ExactInvalid",0],["RevSeq",0],["RevHeurFeas",0],["RevExactFeas",0],["RevInf",0],["CheckFracSols",1908806],["AddFracSolCuts",1908682],["BuildGraph",830],["SPHeur",1133]],"LazyConstraintCounter":[["RCC",22],["SEC",31]],"LowerBoundProgress":[[0.009000062942504883,[0.0,295.17078089793995]],[0.01699995994567871,[0.0,295.17078089793995]],[0.02500009536743164,[0.0,302.74723513496787]],[0.029000043869018555,[0.0,302.74723513496787]],[0.03600001335144043,[0.0,306.08708733734153]],[0.03800010681152344,[0.0,306.08708733734153]],[0.04200005531311035,[0.0,312.86092694925884]],[0.042999982833862305,[0.0,312.86092694925884]],[0.04500007629394531,[0.0,316.3173650997574]],[0.05200004577636719,[0.0,321.74233710891167]],[0.05299997329711914,[0.0,321.74233710891167]],[0.056999921798706055,[0.0,321.8988684406257]],[0.07599997520446777,[0.0,323.12901448747743]],[0.07699990272521973,[0.0,323.12901448747743]],[0.10400009155273438,[0.0,324.815334240728]],[0.13400006294250488,[0.0,325.5617671624681]],[0.1400001049041748,[0.0,325.5617671624681]],[0.14700007438659668,[0.0,325.57311996631194]],[0.14899992942810059,[0.0,325.57311996631194]],[0.18499994277954102,[0.0,325.7022596549217]],[0.18600010871887207,[0.0,325.7022596549217]],[0.2219998836517334,[0.0,325.80034187381005]],[0.22900009155273438,[0.0,325.80034187381005]],[0.26600003242492676,[0.0,325.80034187381005]],[0.2669999599456787,[0.0,325.80034187381005]],[0.30100011825561523,[0.0,325.80034187381005]],[0.30299997329711914,[0.0,325.80034187381005]],[0.46900010108947754,[0.0,325.80034187381005]],[0.4790000915527344,[0.0,325.80034187381005]],[0.5109999179840088,[1.0,325.8003418738101]],[0.5399999618530273,[2.0,325.82637242739685]],[0.5450000762939453,[3.0,325.82637242739685]],[0.5940001010894775,[4.0,326.30859089958386]],[0.6019999980926514,[6.0,326.30859089958386]],[0.625,[7.0,327.7930265065175]],[0.630000114440918,[8.0,327.7930265065175]],[0.6380000114440918,[10.0,327.7930265065175]],[0.6640000343322754,[11.0,328.2354802116401]],[0.6889998912811279,[12.0,328.2354802116401]],[0.6970000267028809,[15.0,328.2354802116401]],[0.7049999237060547,[16.0,328.2354802116401]],[0.7279999256134033,[17.0,329.23133929327906]],[0.7369999885559082,[19.0,329.23133929327906]],[0.7750000953674316,[25.0,329.23133929327906]],[0.7780001163482666,[26.0,329.23133929327906]],[0.7790000438690186,[27.0,329.23133929327906]],[0.7880001068115234,[31.0,329.23133929327906]],[0.815000057220459,[32.0,329.23133929327906]],[0.8210000991821289,[36.0,329.23133929327906]],[0.8510000705718994,[37.0,329.23133929327906]],[0.8810000419616699,[38.0,329.30220593268893]],[0.8970000743865967,[40.0,329.30220593268893]],[0.9279999732971191,[42.0,329.30220593268893]],[0.9470000267028809,[43.0,329.30220593268893]],[0.9600000381469727,[46.0,329.34146329737547]],[0.9760000705718994,[47.0,329.34146329737547]],[1.0090000629425049,[49.0,329.34146329737547]],[1.0550000667572021,[50.0,329.34146329737547]],[1.0720000267028809,[52.0,329.34146329737547]],[1.0869998931884766,[54.0,329.34146329737547]],[1.1029999256134033,[57.0,329.34146329737547]],[1.11899995803833,[58.0,329.3957154381824]],[1.1500000953674316,[60.0,329.4420083169843]],[1.1970000267028809,[61.0,329.4420083169843]],[1.2119998931884766,[66.0,329.4420083169843]],[1.2279999256134033,[68.0,329.4420083169843]],[1.2590000629425049,[72.0,329.4420083169843]],[1.2750000953674316,[73.0,329.4420083169843]],[1.2899999618530273,[74.0,329.4552451176721]],[1.3220000267028809,[75.0,329.4552451176721]],[1.3529999256134033,[76.0,329.4552451176721]],[1.3840000629425049,[77.0,329.4552451176721]],[1.4000000953674316,[81.0,329.4552451176721]],[1.4149999618530273,[82.0,329.4552451176721]],[1.430999994277954,[85.0,329.4552451176721]],[1.4470000267028809,[88.0,329.4552451176721]],[1.4619998931884766,[91.0,329.4552451176721]],[1.4779999256134033,[94.0,329.4552451176721]],[1.5090000629425049,[95.0,329.4552451176721]],[1.5399999618530273,[96.0,329.4552451176721]],[1.5880000591278076,[97.0,329.4552451176721]],[1.5910000801086426,[101.0,329.4552451176721]],[1.5940001010894775,[102.0,329.4552451176721]],[1.6029999256134033,[103.0,329.4552451176721]],[1.621999979019165,[104.0,329.4552451176721]],[1.630000114440918,[105.0,329.4552451176721]],[1.6359999179840088,[106.0,329.4552451176721]],[1.6380000114440918,[108.0,329.4552451176721]],[1.6410000324249268,[109.0,329.4552451176721]],[1.6440000534057617,[110.0,329.4552451176721]],[1.6510000228881836,[111.0,329.4552451176721]],[1.6730000972747803,[112.0,329.4552451176721]],[1.681999921798706,[113.0,329.4552451176721]],[1.688999891281128,[114.0,329.4552451176721]],[1.696000099182129,[115.0,329.4552451176721]],[1.7200000286102295,[116.0,329.4552451176721]],[1.746999979019165,[117.0,329.4552451176721]],[1.753000020980835,[118.0,329.4552451176721]],[1.7590000629425049,[120.0,329.4552451176721]],[1.7609999179840088,[121.0,329.4552451176721]],[1.7939999103546143,[123.0,329.4552451176721]],[1.7950000762939453,[124.0,329.4552451176721]],[1.7980000972747803,[125.0,329.4552451176721]],[1.8010001182556152,[126.0,329.4552451176721]],[1.811000108718872,[127.0,329.4552451176721]],[1.816999912261963,[128.0,329.4552451176721]],[1.8320000171661377,[129.0,329.4552451176721]],[1.8469998836517334,[130.0,329.4552451176721]],[1.8629999160766602,[131.0,329.4552451176721]],[1.8640000820159912,[133.0,329.4552451176721]],[1.8670001029968262,[136.0,329.4552451176721]],[1.878999948501587,[137.0,329.4552451176721]],[1.9119999408721924,[138.0,329.4552451176721]],[1.944000005722046,[139.0,329.4552451176721]],[1.9670000076293945,[140.0,329.4552451176721]],[1.9700000286102295,[141.0,329.4552451176721]],[1.9790000915527344,[143.0,329.4552451176721]],[1.9809999465942383,[144.0,329.4552451176721]],[1.9820001125335693,[145.0,329.4552451176721]],[1.9839999675750732,[146.0,329.4552451176721]],[1.9879999160766602,[147.0,329.4552451176721]],[2.0169999599456787,[149.0,329.4552451176721]],[2.0350000858306885,[150.0,329.4552451176721]],[2.058000087738037,[151.0,329.4552451176721]],[2.072999954223633,[153.0,329.4552451176721]],[2.0759999752044678,[156.0,329.4552451176721]],[2.0799999237060547,[157.0,329.4552451176721]],[2.0829999446868896,[158.0,329.4552451176721]],[2.0910000801086426,[159.0,329.4552451176721]],[2.0999999046325684,[163.0,329.49947572024564]],[2.121000051498413,[168.0,