{"DeletedArcs":2,"Gap":0.0,"InfTailPath":0,"NodeCount":294.0,"Runtime":2.1599998474121094,"SimplexIterations":3708.0,"SubtourTracker":{"CutCounter":[["RCC",501],["MSTAR",3142],["FCI",1660],["GLM",47],["CAT",3]],"CutTimer":[["RCC",64998],["MSTAR",264591],["FCI",1428399],["GLM",5358],["CAT",75475],["DKplus",2296],["DKminus",1858]],"ElementCallCounter":[["IntegerSolutions",31],["DetermineRoutes",31],["CheckRoutes",31],["IntegerRoutes",155],["SingleCustRoutes",17],["MinNumVeh",138],["DisconnectedRoutes",0],["ConnectedRoutes",138],["SingleVehicle",107],["MinVehApproxInf",31],["RoutePrechecked",94],["RoutePrecheckedNot",13],["CustCombiInfeasible",0],["CustCombiInfNot",13],["HeuristicFeas",13],["HeuristicInf",0],["CPCheck",0],["ExactLimitFeas",0],["ExactLimitInf",0],["ExactLimitUnk",0],["TwoPath",0],["TwoPathNot",0],["RegTournamentPath",0],["RegTournamentPathNot",0],["TailTournamentPath",0],["ExactFeas",0],["ExactInf",0],["ExactInvalid",0],["RevSeq",0],["RevHeurFeas",0],["RevExactFeas",0],["RevInf",0],["CheckFracSols",309],["AddFracSolCuts",168],["BuildGraph",168],["SPHeur",1]],"ElementCallTime":[["IntegerSolutions",11376],["DetermineRoutes",137],["CheckRoutes",11039],["IntegerRoutes",0],["SingleCustRoutes",0],["MinNumVeh",8231],["DisconnectedRoutes",0],["ConnectedRoutes",0],["SingleVehicle",1942],["MinVehApproxInf",720],["RoutePrechecked",8],["RoutePrecheckedNot",0],["CustCombiInfeasible",0],["CustCombiInfNot",1],["HeuristicFeas",1882],["HeuristicInf",0],["CPCheck",0],["ExactLimitFeas",0],["ExactLimitInf",0],["ExactLimitUnk",0],["TwoPath",0],["TwoPathNot",0],["RegTournamentPath",0],["RegTournamentPathNot",0],["TailTournamentPath",0],["ExactFeas",0],["ExactInf",0],["ExactInvalid",0],["RevSeq",0],["RevHeurFeas",0],["RevExactFeas",0],["RevInf",0],["CheckFracSols",1846037],["AddFracSolCuts",1845881],["BuildGraph",951],["SPHeur",1136]],"LazyConstraintCounter":[["RCC",22],["SEC",31]],"LowerBoundProgress":[[0.009000062942504883,[0.0,295.17078089793995]],[0.01699995994567871,[0.0,295.17078089793995]],[0.023999929428100586,[0.0,302.74723513496787]],[0.029000043869018555,[0.0,302.74723513496787]],[0.034999847412109375,[0.0,306.08708733734153]],[0.03699994087219238,[0.0,306.08708733734153]],[0.0409998893737793,[0.0,312.86092694925884]],[0.04200005531311035,[0.0,312.86092694925884]],[0.04399991035461426,[0.0,316.3173650997574]],[0.04500007629394531,[0.0,316.3173650997574]],[0.05099987983703613,[0.0,321.74233710891167]],[0.05200004577636719,[0.0,321.74233710891167]],[0.05500006675720215,[0.0,321.8988684406257]],[0.0559999942779541,[0.0,321.8988684406257]],[0.07399988174438477,[0.0,323.12901448747743]],[0.07500004768371582,[0.0,323.12901448747743]],[0.10100007057189941,[0.0,324.815334240728]],[0.12899994850158691,[0.0,325.5617671624681]],[0.1359999179840088,[0.0,325.5617671624681]],[0.1419999599456787,[0.0,325.57311996631194]],[0.14400005340576172,[0.0,325.57311996631194]],[0.1770000457763672,[0.0,325.7022596549217]],[0.17799997329711914,[0.0,325.7022596549217]],[0.21199989318847656,[0.0,325.80034187381005]],[0.21899986267089844,[0.0,325.80034187381005]],[0.24900007247924805,[0.0,325.80034187381005]],[0.25,[0.0,325.80034187381005]],[0.27900004386901855,[0.0,325.80034187381005]],[0.2799999713897705,[0.0,325.80034187381005]],[0.432999849319458,[0.0,325.80034187381005]],[0.4440000057220459,[0.0,325.80034187381005]],[0.47499990463256836,[1.0,325.8003418738101]],[0.5019998550415039,[2.0,325.82637242739685]],[0.5069999694824219,[3.0,325.82637242739685]],[0.5550000667572021,[4.0,326.30859089958386]],[0.5559999942779541,[5.0,326.30859089958386]],[0.562000036239624,[6.0,326.30859089958386]],[0.5850000381469727,[7.0,327.7930265065175]],[0.5889999866485596,[8.0,327.7930265065175]],[0.5899999141693115,[9.0,327.7930265065175]],[0.5980000495910645,[10.0,327.7930265065175]],[0.624000072479248,[11.0,328.2354802116401]],[0.6549999713897705,[12.0,328.2354802116401]],[0.6610000133514404,[13.0,328.2354802116401]],[0.6619999408721924,[14.0,328.2354802116401]],[0.6629998683929443,[15.0,328.2354802116401]],[0.6729998588562012,[16.0,328.2354802116401]],[0.6970000267028809,[17.0,329.23133929327906]],[0.7000000476837158,[18.0,329.23133929327906]],[0.7030000686645508,[19.0,329.23133929327906]],[0.7039999961853027,[21.0,329.23133929327906]],[0.7049999237060547,[22.0,329.23133929327906]],[0.7149999141693115,[24.0,329.23133929327906]],[0.7379999160766602,[25.0,329.23133929327906]],[0.7409999370574951,[26.0,329.23133929327906]],[0.7419998645782471,[27.0,329.23133929327906]],[0.7519998550415039,[31.0,329.23133929327906]],[0.7799999713897705,[32.0,329.23133929327906]],[0.7809998989105225,[35.0,329.23133929327906]],[0.7869999408721924,[36.0,329.23133929327906]],[0.8169999122619629,[37.0,329.23133929327906]],[0.8510000705718994,[38.0,329.30220593268893]],[0.8710000514984131,[40.0,329.30220593268893]],[0.875999927520752,[41.0,329.30220593268893]],[0.9079999923706055,[42.0,329.30220593268893]],[0.932999849319458,[43.0,329.30220593268893]],[0.937000036239624,[44.0,329.30220593268893]],[0.9449999332427979,[46.0,329.34146329737547]],[0.9519999027252197,[47.0,329.34146329737547]],[0.9530000686645508,[48.0,329.34146329737547]],[0.9909999370574951,[49.0,329.34146329737547]],[1.0299999713897705,[50.0,329.34146329737547]],[1.0369999408721924,[51.0,329.34146329737547]],[1.0460000038146973,[52.0,329.34146329737547]],[1.053999900817871,[53.0,329.34146329737547]],[1.057999849319458,[54.0,329.34146329737547]],[1.060999870300293,[55.0,329.34146329737547]],[1.063999891281128,[56.0,329.34146329737547]],[1.0789999961853027,[57.0,329.34146329737547]],[1.0869998931884766,[58.0,329.3957154381824]],[1.0910000801086426,[59.0,329.4420083169843]],[1.124000072479248,[60.0,329.4420083169843]],[1.1649999618530273,[61.0,329.4420083169843]],[1.1679999828338623,[62.0,329.4420083169843]],[1.1689999103546143,[63.0,329.4420083169843]],[1.1719999313354492,[64.0,329.4420083169843]],[1.182999849319458,[66.0,329.4420083169843]],[1.188999891281128,[67.0,329.4420083169843]],[1.1959998607635498,[68.0,329.4420083169843]],[1.2070000171661377,[69.0,329.4420083169843]],[1.2079999446868896,[70.0,329.4420083169843]],[1.2089998722076416,[71.0,329.4420083169843]],[1.2379999160766602,[72.0,329.4420083169843]],[1.247999906539917,[73.0,329.4420083169843]],[1.2619998455047607,[74.0,329.4552451176721]],[1.2920000553131104,[75.0,329.4552451176721]],[1.3320000171661377,[76.0,329.4552451176721]],[1.3559999465942383,[77.0,329.4552451176721]],[1.3589999675750732,[78.0,329.4552451176721]],[1.3599998950958252,[79.0,329.4552451176721]],[1.369999885559082,[81.0,329.4552451176721]],[1.3829998970031738,[82.0,329.4552451176721]],[1.3910000324249268,[83.0,329.4552451176721]],[1.3940000534057617,[84.0,329.4552451176721]],[1.3959999084472656,[85.0,329.4552451176721]],[1.3970000743865967,[86.0,329.4552451176721]],[1.3989999294281006,[87.0,329.4552451176721]],[1.4159998893737793,[88.0,329.4552451176721]],[1.4189999103546143,[89.0,329.4552451176721]],[1.4229998588562012,[90.0,329.4552451176721]],[1.4270000457763672,[91.0,329.4552451176721]],[1.432999849319458,[92.0,329.4552451176721]],[1.437000036239624,[93.0,329.4552451176721]],[1.440999984741211,[94.0,329.4552451176721]],[1.4789998531341553,[95.0,329.4552451176721]],[1.5109999179840088,[96.0,329.4552451176721]],[1.5429999828338623,[97.0,329.4552451176721]],[1.5460000038146973,[101.0,329.4552451176721]],[1.5490000247955322,[102.0,329.4552451176721]],[1.556999921798706,[103.0,329.4552451176721]],[1.5750000476837158,[104.0,329.4552451176721]],[1.5829999446868896,[105.0,329.4552451176721]],[1.5880000591278076,[106.0,329.4552451176721]],[1.5899999141693115,[108.0,329.4552451176721]],[1.5920000076293945,[109.0,329.4552451176721]],[1.5950000286102295,[110.0,329.4552451176721]],[1.6010000705718994,[111.0,329.4552451176721]],[1.622999906539917,[112.0,329.4552451176721]],[1.63100004196167,[113.0,329.4552451176721]],[1.6380000114440918,[114.0,329.4552451176721]],[1.6440000534057617,[115.0,329.4552451176721]],[1.6670000553131104,