{"DeletedArcs":8,"Gap":0.0,"InfTailPath":0,"NodeCount":663.0,"Runtime":3.4789998531341553,"SimplexIterations":8877.0,"SubtourTracker":{"CutCounter":[["RCC",966],["MSTAR",4065],["FCI",2306],["GLM",98],["CAT",9],["DKplus",4],["DKminus",2]],"CutTimer":[["RCC",157898],["MSTAR",440911],["FCI",1904466],["GLM",15088],["CAT",68864],["DKplus",3255],["DKminus",2792]],"ElementCallCounter":[["IntegerSolutions",58],["DetermineRoutes",58],["CheckRoutes",58],["IntegerRoutes",349],["SingleCustRoutes",21],["MinNumVeh",328],["DisconnectedRoutes",1],["ConnectedRoutes",327],["SingleVehicle",256],["MinVehApproxInf",71],["RoutePrechecked",202],["RoutePrecheckedNot",54],["CustCombiInfeasible",0],["CustCombiInfNot",54],["HeuristicFeas",52],["HeuristicInf",2],["CPCheck",0],["ExactLimitFeas",2],["ExactLimitInf",0],["ExactLimitUnk",0],["TwoPath",0],["TwoPathNot",0],["RegTournamentPath",0],["RegTournamentPathNot",0],["TailTournamentPath",0],["ExactFeas",0],["ExactInf",0],["ExactInvalid",0],["RevSeq",0],["RevHeurFeas",0],["RevExactFeas",0],["RevInf",0],["CheckFracSols",670],["AddFracSolCuts",186],["BuildGraph",186],["SPHeur",3]],"ElementCallTime":[["IntegerSolutions",492718],["DetermineRoutes",289],["CheckRoutes",491928],["IntegerRoutes",0],["SingleCustRoutes",0],["MinNumVeh",22092],["DisconnectedRoutes",51],["ConnectedRoutes",0],["SingleVehicle",467981],["MinVehApproxInf",1457],["RoutePrechecked",19],["RoutePrecheckedNot",0],["CustCombiInfeasible",0],["CustCombiInfNot",17],["HeuristicFeas",202063],["HeuristicInf",12963],["CPCheck",0],["ExactLimitFeas",252730],["ExactLimitInf",0],["ExactLimitUnk",0],["TwoPath",0],["TwoPathNot",0],["RegTournamentPath",0],["RegTournamentPathNot",0],["TailTournamentPath",0],["ExactFeas",0],["ExactInf",0],["ExactInvalid",0],["RevSeq",0],["RevHeurFeas",0],["RevExactFeas",0],["RevInf",0],["CheckFracSols",2597947],["AddFracSolCuts",2597799],["BuildGraph",1665],["SPHeur",5342]],"LazyConstraintCounter":[["RCC",67],["SEC",72]],"LowerBoundProgress":[[0.009999990463256836,[0.0,357.62304057291317]],[0.02200007438659668,[0.0,357.62304057291317]],[0.032000064849853516,[0.0,413.91654614357094]],[0.037999868392944336,[0.0,413.91654614357094]],[0.04799985885620117,[0.0,460.6655921713385]],[0.06200003623962402,[0.0,460.6655921713385]],[0.0690000057220459,[0.0,471.6420596756913]],[0.0839998722076416,[0.0,471.6420596756913]],[0.10699987411499023,[0.0,477.5578766653591]],[0.12400007247924805,[0.0,477.5578766653591]],[0.14400005340576172,[0.0,486.3919496087903]],[0.14700007438659668,[0.0,486.3919496087903]],[0.1699998378753662,[0.0,487.3353800456397]],[0.17199993133544922,[0.0,487.3353800456397]],[0.4719998836517334,[0.0,487.3353800456397]],[0.4789998531341553,[0.0,487.3353800456397]],[0.49499988555908203,[1.0,487.49341108201014]],[0.5179998874664307,[2.0,488.2734481349895]],[0.5249998569488525,[3.0,488.2734481349895]],[0.565000057220459,[4.0,488.483278041563]],[0.6269998550415039,[5.0,488.483278041563]],[0.6459999084472656,[6.0,488.483278041563]],[0.6599998474121094,[7.0,488.5625413148981]],[0.685999870300293,[8.0,488.5625413148981]],[0.7139999866485596,[9.0,488.5625413148981]],[0.7289998531341553,[10.0,488.5625413148981]],[0.7339999675750732,[11.0,488.5625413148981]],[0.7439999580383301,[12.0,488.5625413148981]],[0.7519998550415039,[13.0,488.5625413148983]],[0.7699999809265137,[14.0,488.5625413148983]],[0.7869999408721924,[16.0,488.5625413148983]],[0.806999921798706,[18.0,488.5625413148983]],[0.8169999122619629,[19.0,488.5625413148983]],[0.8309998512268066,[20.0,488.5625413148983]],[0.8650000095367432,[21.0,488.5625413148983]],[0.878000020980835,[23.0,488.5625413148983]],[0.8810000419616699,[24.0,488.5625413148983]],[0.9119999408721924,[26.0,488.5625413148983]],[0.9409999847412109,[28.0,488.5625413148983]],[0.9760000705718994,[30.0,488.5625413148983]],[1.0349998474121094,[32.0,488.5625413148983]],[1.0550000667572021,[33.0,488.5625413148983]],[1.0709998607635498,[35.0,488.5625413148983]],[1.1019999980926514,[37.0,488.7265640059325]],[1.1649999618530273,[38.0,488.7265640059325]],[1.2049999237060547,[39.0,488.7265640059325]],[1.2109999656677246,[40.0,488.7265640059325]],[1.246999979019165,[41.0,488.7265640059325]],[1.250999927520752,[42.0,488.7265640059325]],[1.2549998760223389,[43.0,488.7265640059325]],[1.2619998455047607,[44.0,488.7265640059325]],[1.2630000114440918,[45.0,488.7265640059325]],[1.2979998588562012,[46.0,488.83188116342086]],[1.3339998722076416,[47.0,488.83188116342086]],[1.3409998416900635,[48.0,488.83188116342086]],[1.3480000495910645,[49.0,488.83188116342086]],[1.3489999771118164,[50.0,488.83188116342086]],[1.3539998531341553,[51.0,488.83188116342086]],[1.3629999160766602,[52.0,488.83188116342086]],[1.3799998760223389,[53.0,488.83188116342086]],[1.38100004196167,[55.0,488.83188116342086]],[1.3840000629425049,[56.0,488.83188116342086]],[1.3859999179840088,[57.0,488.83188116342086]],[1.3929998874664307,[58.0,488.83188116342086]],[1.3940000534057617,[59.0,488.83188116342086]],[1.4049999713897705,[60.0,488.83188116342086]],[1.4110000133514404,[61.0,488.83188116342114]],[1.565999984741211,[62.0,488.83188116342114]],[1.5780000686645508,[63.0,488.83188116342114]],[1.5929999351501465,[66.0,488.83188116342114]],[1.5969998836517334,[68.0,488.83188116342114]],[1.6089999675750732,[70.0,488.83188116342114]],[1.628999948501587,[76.0,488.83188116342114]],[1.6410000324249268,[77.0,488.83188116342114]],[1.6599998474121094,[78.0,488.83188116342114]],[1.6749999523162842,[80.0,488.83188116342114]],[1.6800000667572021,[81.0,488.83188116342114]],[1.7239999771118164,[82.0,488.83188116342114]],[1.7269999980926514,[83.0,488.83188116342114]],[1.7339999675750732,[84.0,488.83188116342114]],[1.7400000095367432,[85.0,488.83188116342114]],[1.7409999370574951,[86.0,488.83188116342114]],[1.741999864578247,[87.0,488.83188116342114]],[1.747999906539917,[89.0,488.83188116342114]],[1.750999927520752,[90.0,488.83188116342114]],[1.751999855041504,[91.0,488.83188116342114]],[1.753999948501587,[92.0,488.83188116342114]],[1.7679998874664307,[93.0,488.83188116342114]],[1.7849998474121094,[94.0,488.83188116342114]],[1.815999984741211,[95.0,488.83188116342114]],[1.8469998836517334,[98.0,488.83188116342114]],[1.8940000534057617,[99.0,488.83188116342114]],[1.9259998798370361,[100.0,488.83188116342114]],[1.9579999446868896,[101.0,488.83188116342114]],[1.9739999771118164,[103.0,488.83188116342114]],[2.0209999084472656,[110.0,488.83188116342114]],[2.0349998474121094,[113.0,488.83188116342114]],[2.069000005722046,[114.0,488.83188116342114]],[2.115999937057495,[115.0,488.83188116342114]],[2.180999994277954,[116.0,488.83188116342114]],[2.190999984741211,[117.0,488.83188116342114]],[2.2039999961853027,[118.0,488.83188116342114]],[2.240000009536743,[119.0,488.83188116342114]],[2.247999906539917,[120.0,488.83188116342114]],[2.249000072479248,[121.0,488.83188116342114]],[2.259000062942505,[122.0,488.83188116342114]],[2.372999906539917,[123.0,488.83188116342114]],[2.4189999103546143,[124.0,488.83188116342114]],[2.4519999027252197,[125.0,488.83188116342114]],[2.4589998722076416,[126.0,488.83188116342114]],[2.4609999656677246,[127.0,488.83188116342114]],[2.4619998931884766,[128.0,488.83188116342114]],[2.48799991607666,[129.0,488.83188116342114]],[2.509000062942505,[130.0,488.83188116342114]],[2.5850000381469727,[131.0,488.83188116342114]],[2.621000051498413,[132.0,488.83188116342114]],[2.628000020980835,[133.0,488.83188116342114]],[2.631999969482422,[134.0,488.83188116342114]],[2.7089998722076416,[135.0,488.83188116342114]],[2.7799999713897705,[137.0,488.83188116342114]],[2.812999963760376,[138.0,488.83188116342114]],[2.8269999027252197,[139.0,488.83188116342114]],[2.8499999046325684,[140.0,488.83188116342114]],[2.888000011444092,[141.0,488.9525692963122]],[2.8899998664855957,[142.0,488.9525692963122]],[2.9079999923706055,[144.0,488.9525692963122]],[2.9119999408721924,[148.0,488.9525692963123]],[2.930999994277954,[149.0,488.9525692963123]],[2.942999839782715,[150.0,488.9525692963123]],[2.9509999752044678,