{"DeletedArcs":2,"Gap":0.0,"InfTailPath":0,"NodeCount":2093.0,"Runtime":24.29099988937378,"SimplexIterations":27107.0,"SubtourTracker":{"CutCounter":[["RCC",2294],["MSTAR",8230],["FCI",2788],["GLM",127],["CAT",153],["DKplus",13],["DKminus",11]],"CutTimer":[["RCC",315930],["MSTAR",783401],["FCI",1719783],["GLM",18612],["CAT",127656],["DKplus",4532],["DKminus",4289]],"ElementCallCounter":[["IntegerSolutions",133],["DetermineRoutes",133],["CheckRoutes",133],["IntegerRoutes",534],["SingleCustRoutes",27],["MinNumVeh",507],["DisconnectedRoutes",2],["ConnectedRoutes",505],["SingleVehicle",328],["MinVehApproxInf",177],["RoutePrechecked",165],["RoutePrecheckedNot",163],["CustCombiInfeasible",4],["CustCombiInfNot",159],["HeuristicFeas",97],["HeuristicInf",62],["CPCheck",0],["ExactLimitFeas",18],["ExactLimitInf",8],["ExactLimitUnk",0],["TwoPath",5],["TwoPathNot",10],["RegTournamentPath",0],["RegTournamentPathNot",0],["TailTournamentPath",0],["ExactFeas",29],["ExactInf",7],["ExactInvalid",0],["RevSeq",0],["RevHeurFeas",0],["RevExactFeas",0],["RevInf",0],["CheckFracSols",2101],["AddFracSolCuts",230],["BuildGraph",230],["SPHeur",9]],"ElementCallTime":[["IntegerSolutions",19465488],["DetermineRoutes",647],["CheckRoutes",19463603],["IntegerRoutes",0],["SingleCustRoutes",0],["MinNumVeh",37654],["DisconnectedRoutes",134],["ConnectedRoutes",0],["SingleVehicle",19419712],["MinVehApproxInf",5444],["RoutePrechecked",21],["RoutePrecheckedNot",3],["CustCombiInfeasible",76],["CustCombiInfNot",139],["HeuristicFeas",63655],["HeuristicInf",649333],["CPCheck",0],["ExactLimitFeas",3128606],["ExactLimitInf",2347873],["ExactLimitUnk",0],["TwoPath",4635634],["TwoPathNot",1167382],["RegTournamentPath",0],["RegTournamentPathNot",0],["TailTournamentPath",0],["ExactFeas",3080352],["ExactInf",4344809],["ExactInvalid",0],["RevSeq",0],["RevHeurFeas",0],["RevExactFeas",0],["RevInf",0],["CheckFracSols",2979434],["AddFracSolCuts",2979266],["BuildGraph",1820],["SPHeur",17697]],"LazyConstraintCounter":[["RCC",38],["SEC",183],["TwoPath",5],["TwoPathMIS",1],["TwoPathTail",10]],"LowerBoundProgress":[[0.017999887466430664,[0.0,321.3793972558201]],[0.15899991989135742,[0.0,321.3793972558201]],[0.17499995231628418,[0.0,335.46778653891147]],[0.31599998474121094,[0.0,335.46778653891147]],[0.33099985122680664,[0.0,345.2219206829072]],[0.3450000286102295,[0.0,347.0341722599293]],[0.34999990463256836,[0.0,347.0341722599293]],[0.35500001907348633,[0.0,347.27290041322686]],[0.3599998950958252,[0.0,347.27290041322686]],[0.372999906539917,[0.0,347.8030001693782]],[0.37399983406066895,[0.0,347.8030001693782]],[0.38499999046325684,[0.0,347.89468290691747]],[0.3859999179840088,[0.0,347.89468290691747]],[0.39100003242492676,[0.0,348.75366920166135]],[0.4270000457763672,[0.0,349.6299416704511]],[0.42799997329711914,[0.0,349.6299416704511]],[0.47099995613098145,[0.0,349.8877434720235]],[0.4789998531341553,[0.0,349.8877434720235]],[0.5119998455047607,[0.0,349.9947539642012]],[0.5139999389648438,[0.0,349.9947539642012]],[0.5639998912811279,[0.0,349.9947539642012]],[0.5859999656677246,[0.0,349.9947539642012]],[0.6289999485015869,[1.0,350.070754678248]],[0.6359999179840088,[2.0,350.07300689750195]],[0.6579999923706055,[3.0,350.07300689750195]],[0.6689999103546143,[4.0,350.0730068975022]],[1.0490000247955322,[5.0,350.0730068975022]],[1.055999994277954,[6.0,350.0730068975022]],[1.069000005722046,[7.0,350.0730068975022]],[1.0750000476837158,[8.0,350.48014615037187]],[1.126999855041504,[9.0,350.48014615037187]],[1.1579999923706055,[10.0,350.48014615037187]],[1.1729998588562012,[11.0,350.48014615037187]],[1.188999891281128,[13.0,350.48014615037187]],[1.2049999237060547,[14.0,350.48014615037187]],[1.250999927520752,[16.0,350.49320001656196]],[1.2819998264312744,[17.0,350.49320001656196]],[1.3289999961853027,[18.0,350.49320001656196]],[1.3450000286102295,[19.0,350.49320001656196]],[1.3610000610351562,[20.0,350.49320001656196]],[1.4229998588562012,[21.0,350.49320001656196]],[1.438999891281128,[23.0,350.49320001656196]],[1.4860000610351562,[24.0,350.49320001656196]],[1.5329999923706055,[25.0,350.49320001656196]],[1.5479998588562012,[26.0,350.49320001656196]],[1.563999891281128,[28.0,350.49320001656196]],[1.5799999237060547,[29.0,350.49320001656196]],[1.6399998664855957,[31.0,350.49320001656196]],[1.6749999523162842,[32.0,350.5610995724666]],[1.690999984741211,[33.0,350.5610995724666]],[1.7059998512268066,[35.0,350.5610995724666]],[1.9270000457763672,[36.0,350.5610995724666]],[2.052999973297119,[37.0,350.5610995724666]],[2.067999839782715,[38.0,350.5610995724666]],[2.0989999771118164,[39.0,350.5610995724666]],[2.138000011444092,[40.0,350.8986136157935]],[2.1429998874664307,[41.0,350.8986136157935]],[2.175999879837036,[42.0,350.8986136157935]],[2.180999994277954,[43.0,350.8986136157935]],[2.184999942779541,[44.0,350.8986136157935]],[2.190000057220459,[45.0,350.8986136157935]],[2.2059998512268066,[47.0,350.8986136157935]],[2.2219998836517334,[50.0,352.34139927262675]],[2.253000020980835,[51.0,352.34139927262675]],[2.299999952316284,[52.0,352.34139927262675]],[2.500999927520752,[53.0,352.34139927262675]],[2.508999824523926,[54.0,352.34139927262675]],[2.572999954223633,[59.0,352.34139927262675]],[2.5880000591278076,[62.0,352.34139927262675]],[2.6050000190734863,[63.0,352.34139927262675]],[2.619999885559082,[64.0,352.34139927262675]],[2.625999927520752,[65.0,352.34139927262675]],[2.635999917984009,[67.0,352.34139927262675]],[2.681999921798706,[68.0,352.34139927262675]],[2.7149999141693115,[69.0,352.34139927262675]],[2.7219998836517334,[70.0,352.34139927262675]],[2.750999927520752,[72.0,352.34139927262675]],[2.7690000534057617,[73.0,352.34139927262675]],[2.7849998474121094,[74.0,352.34139927262675]],[2.812999963760376,[75.0,352.34139927262675]],[2.815999984741211,[76.0,352.34139927262675]],[2.8320000171661377,[79.0,352.34139927262675]],[2.8480000495910645,[80.0,352.34139927262675]],[2.863999843597412,[81.0,352.34139927262675]],[2.879999876022339,[82.0,352.34139927262675]],[2.8959999084472656,[83.0,352.34139927262675]],[2.927000045776367,[84.0,352.34139927262675]],[2.944000005722046,[85.0,352.34139927262675]],[2.9589998722076416,[86.0,352.34139927262675]],[3.177999973297119,[88.0,352.34139927262675]],[3.194000005722046,[89.0,352.34139927262675]],[3.2100000381469727,[90.0,352.34139927262675]],[3.2200000286102295,[91.0,352.34139927262675]],[3.234999895095825,[92.0,352.34139927262675]],[3.23799991607666,[93.0,352.34139927262675]],[3.246000051498413,[94.0,352.34139927262675]],[3.250999927520752,[95.0,352.34139927262675]],[3.2829999923706055,[96.0,352.34139927262675]],[3.313999891281128,[97.0,352.34139927262675]],[3.3289999961853027,[98.0,352.34139927262675]],[3.375999927520752,[99.0,352.34139927262675]],[3.4079999923706055,[102.0,352.34139927262675]],[3.422999858856201,[103.0,352.34139927262675]],[3.438999891281128,[104.0,352.34139927262675]],[3.4539999961853027,[105.0,352.34139927262675]],[3.4700000286102295,[106.0,352.34139927262675]],[3.5169999599456787,[108.0,352.34139927262675]],[3.5319998264312744,[109.0,352.34139927262675]],[3.547999858856201,[111.0,352.34139927262675]],[3.563999891281128,[112.0,352.34139927262675]],[3.5789999961853027,[113.0,352.34139927262675]],[3.5950000286102295,[115.0,352.34139927262675]],[3.6110000610351562,[118.0,352.34139927262675]],[3.625999927520752,[120.0,352.34139927262675]],[3.6419999599456787,[122.0,352.34139927262675]],[3.6579999923706055,[124.0,352.34139927262675]],[3.672999858856201,[126.0,352.34139927262675]],[3.7049999237060547,[127.0,352.34139927262675]],[3.7200000286102295,[128.0,352.34139927262675]],[3.746000051498413,[129.0,352.34139927262675]],[3.7660000324249268,[130.0,352.34139927262675]],[3.800999879837036,[131.0,352.34139927262675]],[3.816999912261963,[135.0,352.34139927262675]],[3.8480000495910645,[136.0,352.34139927262675]],[3.879999876022339,[137.0,352.34139927262675]],[3.8959999084472656,[138.0,352.34139927262675]],[3.9119999408721924,[140.0,352.34139927262675]],[3.927999973297119,