{"DeletedArcs":14,"Gap":0.0,"InfTailPath":0,"NodeCount":160.0,"Runtime":3.489000082015991,"SimplexIterations":2537.0,"SubtourTracker":{"CutCounter":[["RCC",1021],["MSTAR",4397],["FCI",2567],["GLM",70],["CAT",10]],"CutTimer":[["RCC",143029],["MSTAR",434667],["FCI",2540638],["GLM",9402],["CAT",81788],["DKplus",1983],["DKminus",1669]],"ElementCallCounter":[["IntegerSolutions",26],["DetermineRoutes",26],["CheckRoutes",26],["IntegerRoutes",156],["SingleCustRoutes",32],["MinNumVeh",124],["DisconnectedRoutes",0],["ConnectedRoutes",124],["SingleVehicle",0],["MinVehApproxInf",38],["RoutePrechecked",0],["RoutePrecheckedNot",0],["CustCombiInfeasible",0],["CustCombiInfNot",0],["HeuristicFeas",0],["HeuristicInf",0],["CPCheck",0],["ExactLimitFeas",0],["ExactLimitInf",0],["ExactLimitUnk",0],["TwoPath",0],["TwoPathNot",0],["RegTournamentPath",0],["RegTournamentPathNot",0],["TailTournamentPath",0],["ExactFeas",0],["ExactInf",0],["ExactInvalid",0],["RevSeq",0],["RevHeurFeas",0],["RevExactFeas",0],["RevInf",0],["CheckFracSols",182],["AddFracSolCuts",110],["BuildGraph",110],["SPHeur",4]],"ElementCallTime":[["IntegerSolutions",19291],["DetermineRoutes",132],["CheckRoutes",18898],["IntegerRoutes",0],["SingleCustRoutes",0],["MinNumVeh",17773],["DisconnectedRoutes",0],["ConnectedRoutes",0],["SingleVehicle",0],["MinVehApproxInf",1012],["RoutePrechecked",0],["RoutePrecheckedNot",0],["CustCombiInfeasible",0],["CustCombiInfNot",0],["HeuristicFeas",0],["HeuristicInf",0],["CPCheck",0],["ExactLimitFeas",0],["ExactLimitInf",0],["ExactLimitUnk",0],["TwoPath",0],["TwoPathNot",0],["RegTournamentPath",0],["RegTournamentPathNot",0],["TailTournamentPath",0],["ExactFeas",0],["ExactInf",0],["ExactInvalid",0],["RevSeq",0],["RevHeurFeas",0],["RevExactFeas",0],["RevInf",0],["CheckFracSols",3217935],["AddFracSolCuts",3217818],["BuildGraph",1034],["SPHeur",6039]],"LazyConstraintCounter":[["RCC",4],["SEC",38]],"LowerBoundProgress":[[0.01399993896484375,[0.0,371.7654549054349]],[0.023000001907348633,[0.0,371.7654549054349]],[0.03099989891052246,[0.0,392.5782135427589]],[0.03900003433227539,[0.0,392.5782135427589]],[0.046000003814697266,[0.0,401.711148986601]],[0.06100010871887207,[0.0,401.711148986601]],[0.07500004768371582,[0.0,409.78703753164837]],[0.08699989318847656,[0.0,409.78703753164837]],[0.11899995803833008,[0.0,416.0123939781823]],[0.125,[0.0,416.0123939781823]],[0.13299989700317383,[0.0,419.36545740597404]],[0.14499998092651367,[0.0,420.6103262691808]],[0.14599990844726562,[0.0,420.6103262691808]],[0.17799997329711914,[0.0,422.50042363518514]],[0.1789999008178711,[0.0,422.50042363518514]],[0.21399998664855957,[0.0,423.19712935155326]],[0.28099989891052246,[0.0,423.65816666198594]],[0.2820000648498535,[0.0,423.65816666198594]],[0.31800007820129395,[0.0,424.08049582218547]],[0.33500003814697266,[0.0,424.25115305761284]],[0.3359999656677246,[0.0,424.25115305761284]],[0.37400007247924805,[0.0,424.5546580162788]],[0.375,[0.0,424.5546580162788]],[0.38499999046325684,[0.0,424.6007308818964]],[0.3859999179840088,[0.0,424.6007308818964]],[0.43000006675720215,[0.0,425.62934672614534]],[0.4309999942779541,[0.0,425.62934672614534]],[0.4930000305175781,[0.0,426.20658420510176]],[0.4939999580383301,[0.0,426.20658420510176]],[0.5360000133514404,[0.0,426.2972619226256]],[0.5380001068115234,[0.0,426.2972619226256]],[0.5850000381469727,[0.0,426.3237701328416]],[0.5899999141693115,[0.0,426.3237701328416]],[0.625999927520752,[0.0,426.5154681527957]],[0.6319999694824219,[0.0,426.5154681527957]],[0.6489999294281006,[0.0,426.541815686815]],[0.6540000438690186,[0.0,426.541815686815]],[0.7030000686645508,[0.0,426.54745629060375]],[0.7079999446868896,[0.0,426.54745629060375]],[0.7569999694824219,[0.0,426.54745629060375]],[0.7609999179840088,[0.0,426.54745629060375]],[0.8220000267028809,[0.0,426.54745629060375]],[0.8359999656677246,[0.0,426.54745629060375]],[0.8849999904632568,[1.0,426.5474562906038]],[0.9300000667572021,[2.0,426.699200006247]],[0.9860000610351562,[3.0,426.699200006247]],[1.0399999618530273,[4.0,426.699200006247]],[1.0799999237060547,[5.0,426.699200006247]],[1.128000020980835,[6.0,427.5369965833762]],[1.180999994277954,[7.0,427.5369965833762]],[1.2239999771118164,[8.0,427.5369965833762]],[1.24399995803833,[9.0,427.5369965833762]],[1.246999979019165,[10.0,427.5369965833762]],[1.2850000858306885,[11.0,427.5369965833762]],[1.3280000686645508,[12.0,427.80820673728056]],[1.371000051498413,[13.0,428.18596415935343]],[1.4070000648498535,[14.0,428.18596415935343]],[1.437999963760376,[15.0,428.18596415935343]],[1.4749999046325684,[16.0,428.18596415935343]],[1.5139999389648438,[17.0,428.18596415935343]],[1.5490000247955322,[18.0,428.18596415935343]],[1.561000108718872,[19.0,428.18596415935343]],[1.5969998836517334,[20.0,428.28522107186944]],[1.630000114440918,[21.0,428.28522107186944]],[1.6359999179840088,[22.0,428.28522107186944]],[1.6579999923706055,[23.0,428.28522107186944]],[1.6949999332427979,[24.0,428.28522107186944]],[1.7269999980926514,[25.0,428.28522107186944]],[1.7579998970031738,[26.0,428.28522107186944]],[1.7679998874664307,[27.0,428.28522107186944]],[1.7839999198913574,[28.0,428.28522107186944]],[1.805999994277954,[29.0,428.3261233285986]],[1.8429999351501465,[30.0,428.3261233285986]],[1.86899995803833,[31.0,428.3261233285986]],[1.9070000648498535,[32.0,428.3261233285986]],[1.943000078201294,[33.0,428.3261233285986]],[1.9490001201629639,[34.0,428.3261233285986]],[1.9579999446868896,[35.0,428.3261233285986]],[1.9739999771118164,[36.0,428.3261233285986]],[1.9909999370574951,[37.0,428.3261233285986]],[2.0260000228881836,[38.0,428.3261233285986]],[2.0390000343322754,[39.0,428.3261233285986]],[2.0769999027252197,[40.0,428.3261233285986]],[2.109999895095825,[41.0,428.3261233285986]],[2.125,[43.0,428.3261233285986]],[2.140000104904175,[44.0,428.3261233285986]],[2.1689999103546143,[45.0,428.3261233285986]],[2.2170000076293945,[46.0,428.3261233285986]],[2.2279999256134033,[47.0,428.3261233285986]],[2.24399995803833,[56.0,428.3261233285986]],[2.259000062942505,[57.0,428.3261233285986]],[2.2920000553131104,[58.0,428.3261233285986]],[2.3310000896453857,[59.0,428.3261233285986]],[2.3320000171661377,[61.0,428.3261233285986]],[2.3359999656677246,[63.0,428.3261233285986]],[2.3399999141693115,[67.0,428.3295280336577]],[2.365999937057495,[72.0,428.3295280336577]],[2.4100000858306885,[73.0,428.3295280336577]],[2.4179999828338623,[75.0,428.3295280336577]],[2.421999931335449,[79.0,428.3295280336577]],[2.4760000705718994,[80.0,428.3295280336577]],[2.507999897003174,[81.0,428.3295280336577]],[2.510999917984009,[82.0,428.3295280336577]],[2.5220000743865967,[83.0,428.3295280336577]],[2.5829999446868896,[84.0,428.3295280336577]],[2.6459999084472656,[85.0,428.3295280336577]],[2.681999921798706,[88.0,428.3295280336577]],[2.7170000076293945,[89.0,428.3295280336577]],[2.7219998836517334,[95.0,428.3295280336577]],[2.7290000915527344,[96.0,428.3295280336577]],[2.749000072479248,[97.0,428.3295280336577]],[2.753999948501587,[98.0,428.3295280336577]],[2.813999891281128,[102.0,428.3295280336577]],[2.875,[103.0,428.3295280336577]],[2.931999921798706,[104.0,428.3295280336577]],[2.9769999980926514,[105.0,428.3295280336577]],[2.996999979019165,[106.0,428.3295280336577]],[3.0380001068115234,[111.0,428.3295280336577]],[3.069999933242798,[112.0,428.3295280336577]],[3.1029999256134033,[113.0,428.3295280336577]],[3.1070001125335693,[117.0,428.3295280336577]],[3.1459999084472656,[122.0,429.5498034681843]],[3.183000087738037,[123.0,429.5498034681843]],[3.246999979019165,[124.0,429.5498034681843]],[3.311000108718872,[125.0,429.5498034681843]],[3.3450000286102295,[126.0,429.5498034681843]],[3.4000000953674316,[127.0,429.5498034681843]],[3.4049999713897705,[128.0,429.5498034681843]],[3.4210000038146973,[129.0,429.5498034681843]],[3.4230000972747803,[138.0,429.6894919729538]],[3.424999952316284,[146.0,429.77225987451845]],[3.444000005722046,[149.0,429.89356644335794]],[3.4619998931884766,[150.0,429.89356644335794]],[3.4649999141693115,