{"DeletedArcs":2,"Gap":0.0,"InfTailPath":0,"NodeCount":55.0,"Runtime":0.434999942779541,"SimplexIterations":767.0,"SubtourTracker":{"CutCounter":[["RCC",65],["MSTAR",68],["FCI",5],["GLM",5],["CAT",34],["DKplus",3],["DKminus",3]],"CutTimer":[["RCC",81457],["MSTAR",22285],["FCI",13294],["GLM",2015],["CAT",9206],["DKplus",1516],["DKminus",1399]],"ElementCallCounter":[["IntegerSolutions",40],["DetermineRoutes",40],["CheckRoutes",40],["IntegerRoutes",176],["SingleCustRoutes",11],["MinNumVeh",165],["DisconnectedRoutes",16],["ConnectedRoutes",149],["SingleVehicle",0],["MinVehApproxInf",45],["RoutePrechecked",0],["RoutePrecheckedNot",0],["CustCombiInfeasible",0],["CustCombiInfNot",0],["HeuristicFeas",0],["HeuristicInf",0],["CPCheck",0],["ExactLimitFeas",0],["ExactLimitInf",0],["ExactLimitUnk",0],["TwoPath",0],["TwoPathNot",0],["RegTournamentPath",0],["RegTournamentPathNot",0],["TailTournamentPath",0],["ExactFeas",0],["ExactInf",0],["ExactInvalid",0],["RevSeq",0],["RevHeurFeas",0],["RevExactFeas",0],["RevInf",0],["CheckFracSols",61],["AddFracSolCuts",50],["BuildGraph",50],["SPHeur",4]],"ElementCallTime":[["IntegerSolutions",48193],["DetermineRoutes",211],["CheckRoutes",47499],["IntegerRoutes",0],["SingleCustRoutes",0],["MinNumVeh",45126],["DisconnectedRoutes",341],["ConnectedRoutes",0],["SingleVehicle",0],["MinVehApproxInf",1895],["RoutePrechecked",0],["RoutePrecheckedNot",0],["CustCombiInfeasible",0],["CustCombiInfNot",0],["HeuristicFeas",0],["HeuristicInf",0],["CPCheck",0],["ExactLimitFeas",0],["ExactLimitInf",0],["ExactLimitUnk",0],["TwoPath",0],["TwoPathNot",0],["RegTournamentPath",0],["RegTournamentPathNot",0],["TailTournamentPath",0],["ExactFeas",0],["ExactInf",0],["ExactInvalid",0],["RevSeq",0],["RevHeurFeas",0],["RevExactFeas",0],["RevInf",0],["CheckFracSols",132522],["AddFracSolCuts",132490],["BuildGraph",930],["SPHeur",4636]],"LazyConstraintCounter":[["RCC",17],["SEC",61]],"LowerBoundProgress":[[0.009999990463256836,[0.0,373.52495604815357]],[0.03399991989135742,[0.0,373.52495604815357]],[0.06099987030029297,[0.0,473.5093223969801]],[0.07200002670288086,[0.0,473.5093223969801]],[0.08999991416931152,[0.0,496.75711755533865]],[0.10899996757507324,[0.0,496.75711755533865]],[0.12299990653991699,[0.0,503.10168348648335]],[0.13100004196166992,[0.0,503.10168348648335]],[0.14999985694885254,[0.0,540.4584728676837]],[0.22499990463256836,[0.0,540.4584728676837]],[0.23799991607666016,[0.0,548.2509850586832]],[0.2389998435974121,[0.0,548.2509850586832]],[0.3020000457763672,[0.0,548.2509850586832]],[0.31599998474121094,[0.0,548.2509850586832]],[0.3259999752044678,[1.0,549.7501133221855]],[0.3279998302459717,[3.0,551.3603942162538]],[0.33099985122680664,[4.0,551.6858140009458]],[0.33299994468688965,[5.0,551.6858140009458]],[0.33899998664855957,[7.0,551.7321432751992]],[0.3399999141693115,[8.0,551.9349366673539]],[0.34399986267089844,[9.0,551.9349366673539]],[0.3450000286102295,[10.0,552.0813207441726]],[0.34599995613098145,[11.0,552.0813207441726]],[0.35199999809265137,[12.0,552.0813207441726]],[0.3529999256134033,[14.0,552.0813207441727]],[0.3559999465942383,[15.0,552.0813207441727]],[0.35699987411499023,[16.0,552.0813207441727]],[0.36500000953674316,[18.0,552.0813207441727]],[0.3659999370574951,[20.0,552.1788281350516]],[0.36699986457824707,[21.0,552.1788281350516]],[0.3680000305175781,[22.0,552.1788281350516]],[0.3689999580383301,[23.0,552.1788281350516]],[0.36999988555908203,[24.0,552.1788281350516]],[0.3710000514984131,[25.0,552.1788281350516]],[0.3769998550415039,[26.0,552.1788281350516]],[0.37800002098083496,[27.0,552.3564764355691]],[0.37999987602233887,[31.0,552.3564764355691]],[0.3839998245239258,[32.0,552.3564764355691]],[0.38699984550476074,[33.0,552.7265329773502]],[0.3899998664855957,[34.0,552.7265329773504]],[0.3919999599456787,[35.0,552.756584164116]],[0.3940000534057617,[36.0,552.756584164116]],[0.3959999084472656,[37.0,552.756584164116]],[0.39800000190734863,[38.0,552.756584164116]],[0.4029998779296875,[39.0,552.756584164116]],[0.4049999713897705,[40.0,552.756584164116]],[0.40599989891052246,[41.0,552.756584164116]],[0.4119999408721924,[43.0,552.8253199117689]],[0.41299986839294434,[44.0,552.825319911769]],[0.41499996185302734,[45.0,552.8729766537738]],[0.4199998378753662,[48.0,552.8729766537738]],[0.42299985885620117,[49.0,552.8729766537738]],[0.4240000247955322,[50.0,552.943798707151]],[0.42599987983703613,[51.0,552.9739150954998]],[0.42799997329711914,[52.0,552.9739150954998]],[0.42999982833862305,[54.0,553.2387339775571]]],"UpperBoundProgress":[[0.003000020980834961,[742.7297775626603,false]],[0.3659999370574951,[553.3760310355694,false]]]},"Timer":{"Branch&Cut":0.4372668,"InfeasibleArcs":4.3e-06,"LowerBoundVehicles":0.0120232,"StartSolution":0.0019477}}