{"DeletedArcs":2,"Gap":0.0,"InfTailPath":0,"NodeCount":4627.0,"Runtime":3.2880001068115234,"SimplexIterations":37098.0,"SubtourTracker":{"CutCounter":[],"CutTimer":[],"ElementCallCounter":[["IntegerSolutions",231],["DetermineRoutes",231],["CheckRoutes",231],["IntegerRoutes",1156],["SingleCustRoutes",187],["MinNumVeh",969],["DisconnectedRoutes",1],["ConnectedRoutes",968],["SingleVehicle",660],["MinVehApproxInf",308],["RoutePrechecked",0],["RoutePrecheckedNot",0],["CustCombiInfeasible",0],["CustCombiInfNot",0],["HeuristicFeas",0],["HeuristicInf",0],["CPCheck",0],["ExactLimitFeas",0],["ExactLimitInf",0],["ExactLimitUnk",0],["TwoPath",0],["TwoPathNot",0],["RegTournamentPath",0],["RegTournamentPathNot",0],["TailTournamentPath",0],["ExactFeas",659],["ExactInf",1],["ExactInvalid",0],["RevSeq",0],["RevHeurFeas",0],["RevExactFeas",0],["RevInf",0],["InfTailTournamentPath",1],["CheckFracSols",4628]],"ElementCallTime":[["IntegerSolutions",2046035],["DetermineRoutes",822],["CheckRoutes",2043867],["IntegerRoutes",0],["SingleCustRoutes",0],["MinNumVeh",2],["DisconnectedRoutes",21],["ConnectedRoutes",0],["SingleVehicle",2037080],["MinVehApproxInf",5897],["RoutePrechecked",0],["RoutePrecheckedNot",0],["CustCombiInfeasible",0],["CustCombiInfNot",0],["HeuristicFeas",0],["HeuristicInf",0],["CPCheck",0],["ExactLimitFeas",0],["ExactLimitInf",0],["ExactLimitUnk",0],["TwoPath",0],["TwoPathNot",0],["RegTournamentPath",0],["RegTournamentPathNot",0],["TailTournamentPath",0],["ExactFeas",2032012],["ExactInf",4242],["ExactInvalid",0],["RevSeq",0],["RevHeurFeas",0],["RevExactFeas",0],["RevInf",0],["InfTailTournamentPath",19],["CheckFracSols",2]],"LazyConstraintCounter":[["SEC",309],["InfeasibleTailTournamentPath",1]],"LowerBoundProgress":[[0.08000016212463379,[0.0,295.17078089793995]],[0.08500003814697266,[0.0,295.17078089793995]],[0.08600020408630371,[0.0,296.9885754821405]],[0.11900019645690918,[0.0,296.9885754821405]],[0.17500019073486328,[0.0,305.86452103877656]],[0.18000006675720215,[0.0,305.86452103877656]],[0.18200016021728516,[0.0,308.64436348837387]],[0.1830000877380371,[0.0,308.64436348837387]],[0.2220001220703125,[0.0,308.64436348837387]],[0.22500014305114746,[0.0,308.64436348837387]],[0.22699999809265137,[1.0,308.64436348837387]],[0.22900009155273438,[3.0,308.73513719279674]],[0.23100018501281738,[6.0,308.8331206005403]],[0.25999999046325684,[9.0,308.83312060054044]],[0.2630000114440918,[11.0,308.83312060054044]],[0.26600003242492676,[19.0,309.25062840803565]],[0.2890000343322754,[27.0,309.52810901020916]],[0.2910001277923584,[35.0,309.52810901020916]],[0.3380000591278076,[36.0,309.52810901020916]],[0.33899998664855957,[38.0,309.52810901020916]],[0.3410000801086426,[43.0,309.52810901020916]],[0.3860001564025879,[45.0,309.52810901020916]],[0.38900017738342285,[59.0,309.52810901020916]],[0.3960001468658447,[60.0,309.52810901020916]],[0.4100000858306885,[68.0,309.52810901020916]],[0.43900012969970703,[70.0,309.52810901020916]],[0.4680001735687256,[72.0,309.52810901020916]],[0.47100019454956055,[75.0,309.52810901020916]],[0.504000186920166,[81.0,309.52810901020916]],[0.5080001354217529,[91.0,309.52810901020916]],[0.5780000686645508,[92.0,309.52810901020916]],[0.5789999961853027,[102.0,309.52810901020916]],[0.5810000896453857,[115.0,309.52810901020916]],[0.5850000381469727,[139.0,309.52810901020916]],[0.5889999866485596,[161.0,309.584991347138]],[0.6380000114440918,[166.0,309.584991347138]],[0.6410000324249268,[171.0,309.584991347138]],[0.6560001373291016,[202.0,309.584991347138]],[0.7100000381469727,[206.0,309.584991347138]],[0.7290000915527344,[210.0,309.584991347138]],[0.7320001125335693,[211.0,309.584991347138]],[0.755000114440918,[248.0,309.584991347138]],[0.7580001354217529,[259.0,309.584991347138]],[0.7590000629425049,[280.0,309.584991347138]],[0.7730000019073486,[302.0,309.584991347138]],[0.7770001888275146,[315.0,309.584991347138]],[0.7870001792907715,[335.0,309.584991347138]],[0.8470001220703125,[345.0,309.584991347138]],[0.9040000438690186,[354.0,309.584991347138]],[0.9260001182556152,[356.0,309.584991347138]],[0.9320001602172852,[379.0,309.584991347138]],[0.9660000801086426,[397.0,309.584991347138]],[1.001000165939331,[400.0,309.584991347138]],[1.0470001697540283,[405.0,309.584991347138]],[1.0889999866485596,[414.0,309.584991347138]],[1.0900001525878906,[425.0,309.584991347138]],[1.126000165939331,[431.0,309.584991347138]],[1.13100004196167,[459.0,309.584991347138]],[1.1510000228881836,[483.0,309.584991347138]],[1.1730000972747803,[534.0,309.584991347138]],[1.1780002117156982,[555.0,309.584991347138]],[1.2239999771118164,[565.0,309.584991347138]],[1.2910001277923584,[584.0,309.584991347138]],[1.3320000171661377,[585.0,309.584991347138]],[1.3330001831054688,[601.0,309.584991347138]],[1.3910000324249268,[659.0,309.584991347138]],[1.3990001678466797,[667.0,309.584991347138]],[1.4000000953674316,[674.0,314.61368025407495]],[1.445000171661377,[686.0,314.61368025407495]],[1.4820001125335693,[687.0,314.61368025407495]],[1.499000072479248,[738.0,314.61368025407495]],[1.508000135421753,[797.0,314.61368025407495]],[1.5170001983642578,[803.0,314.61368025407495]],[1.5510001182556152,[886.0,314.61368025407495]],[1.5520000457763672,[888.0,314.61368025407495]],[1.567000150680542,[889.0,314.61368025407495]],[1.568000078201294,[950.0,314.61368025407495]],[1.5800001621246338,[971.0,314.61368025407495]],[1.63100004196167,[1033.0,318.4445454122571]],[1.6679999828338623,[1056.0,318.4445454122571]],[1.698000192642212,[1062.0,318.4445454122571]],[1.6990001201629639,[1073.0,318.4445454122571]],[1.7340002059936523,[1080.0,318.4445454122571]],[1.7350001335144043,[1092.0,318.4445454122571]],[1.75600004196167,[1107.0,318.4445454122571]],[1.757000207901001,[1122.0,318.4445454122571]],[1.7690000534057617,[1171.0,318.4445454122571]],[1.811000108718872,[1295.0,318.8122870779538]],[1.8270001411437988,[1411.0,318.8122870779538]],[1.8450000286102295,[1461.0,321.243938144677]],[1.8460001945495605,[1606.0,321.61685615450915]],[1.883000135421753,[1620.0,321.61685615450915]],[1.9110000133514404,[1699.0,321.64072158216993]],[1.9230000972747803,[1700.0,321.64072158216993]],[1.937000036239624,[1701.0,321.64072158216993]],[1.9539999961853027,[1701.0,321.64072158216993]],[1.9560000896453857,[1702.0,321.64072158216993]],[1.9570000171661377,[1702.0,321.64072158216993]],[1.9710001945495605,[1703.0,321.64072158216993]],[1.9910001754760742,[1703.0,321.64072158216993]],[1.9950001239776611,[1704.0,321.64072158216993]],[1.996000051498413,[1704.0,321.64072158216993]],[2.013000011444092,[1705.0,321.64072158216993]],[2.0460000038146973,[1705.0,321.64072158216993]],[2.0500001907348633,[1706.0,321.64072158216993]],[2.0510001182556152,[1706.0,321.64072158216993]],[2.069000005722046,[1707.0,321.64072158216993]],[2.1070001125335693,[1707.0,321.64072158216993]],[2.1100001335144043,[1708.0,321.64072158216993]],[2.1110000610351562,[1708.0,321.64072158216993]],[2.111999988555908,[1709.0,321.64072158216993]],[2.129000186920166,[1710.0,321.64072158216993]],[2.1620001792907715,[1710.0,321.64072158216993]],[2.1660001277923584,[1711.0,321.64072158216993]],[2.1670000553131104,[1711.0,321.64072158216993]],[2.184000015258789,[1712.0,321.64072158216993]],[2.2139999866485596,[1712.0,321.64072158216993]],[2.2200000286102295,[1713.0,321.64072158216993]],[2.2210001945495605,[1713.0,321.64072158216993]],[2.252000093460083,[1714.0,321.64072158216993]],[2.2910001277923584,[1714.0,321.64072158216993]],[2.2960000038146973,[1715.0,321.64072158216993]],[2.2970001697540283,[1715.0,321.64072158216993]],[2.315000057220459,[1716.0,321.64072158216993]],[2.3350000381469727,[1716.0,321.64072158216993]],[2.3410000801086426,[1717.0,321.64072158216993]],[2.3420000076293945,[1717.0,321.64072158216993]],[2.365000009536743,[1718.0,321.64072158216993]],[2.3949999809265137,[1718.0,321.64072158216993]],[2.4000000953674316,[1719.0,321.64072158216993]],[2.4020001888275146,[1719.0,321.64072158216993]],[2.4030001163482666,[1720.0,321.64072158216993]],