{"DeletedArcs":2,"Gap":0.0,"InfTailPath":2,"NodeCount":1071.0,"Runtime":39.07200002670288,"SimplexIterations":18236.0,"SubtourTracker":{"CutCounter":[["RCC",1059],["MSTAR",3722],["FCI",1665],["GLM",43],["CAT",64],["DKplus",6],["DKminus",10]],"CutTimer":[["RCC",443927],["MSTAR",415903],["FCI",2311785],["GLM",9116],["CAT",106790],["DKplus",4606],["DKminus",4180]],"ElementCallCounter":[["IntegerSolutions",58],["DetermineRoutes",58],["CheckRoutes",58],["IntegerRoutes",250],["SingleCustRoutes",19],["MinNumVeh",231],["DisconnectedRoutes",8],["ConnectedRoutes",223],["SingleVehicle",173],["MinVehApproxInf",50],["RoutePrechecked",115],["RoutePrecheckedNot",58],["CustCombiInfeasible",2],["CustCombiInfNot",56],["HeuristicFeas",13],["HeuristicInf",43],["CPCheck",0],["ExactLimitFeas",1],["ExactLimitInf",6],["ExactLimitUnk",5],["TwoPath",10],["TwoPathNot",6],["RegTournamentPath",0],["RegTournamentPathNot",0],["TailTournamentPath",0],["ExactFeas",21],["ExactInf",10],["ExactInvalid",0],["RevSeq",0],["RevHeurFeas",0],["RevExactFeas",0],["RevInf",0],["CheckFracSols",1085],["AddFracSolCuts",200],["BuildGraph",200],["SPHeur",2]],"ElementCallTime":[["IntegerSolutions",34799180],["DetermineRoutes",316],["CheckRoutes",34798354],["IntegerRoutes",0],["SingleCustRoutes",0],["MinNumVeh",20116],["DisconnectedRoutes",162],["ConnectedRoutes",0],["SingleVehicle",34775867],["MinVehApproxInf",1867],["RoutePrechecked",20],["RoutePrecheckedNot",5],["CustCombiInfeasible",114],["CustCombiInfNot",47],["HeuristicFeas",10018],["HeuristicInf",371604],["CPCheck",0],["ExactLimitFeas",203948],["ExactLimitInf",1856111],["ExactLimitUnk",2103326],["TwoPath",11866748],["TwoPathNot",367938],["RegTournamentPath",0],["RegTournamentPathNot",0],["TailTournamentPath",0],["ExactFeas",12745934],["ExactInf",5249023],["ExactInvalid",0],["RevSeq",0],["RevHeurFeas",0],["RevExactFeas",0],["RevInf",0],["CheckFracSols",3300827],["AddFracSolCuts",3300682],["BuildGraph",2209],["SPHeur",134821]],"LazyConstraintCounter":[["RCC",18],["SEC",60],["TwoPath",10],["TwoPathMIS",8],["TwoPathTail",6]],"LowerBoundProgress":[[0.019999980926513672,[0.0,309.1569263361615]],[0.032000064849853516,[0.0,309.1569263361615]],[0.04500007629394531,[0.0,344.62025912002616]],[0.05099987983703613,[0.0,344.62025912002616]],[0.056999921798706055,[0.0,356.54469184280885]],[0.06200003623962402,[0.0,357.5885263189332]],[0.06699991226196289,[0.0,357.5885263189332]],[0.13699984550476074,[0.0,367.5026877780276]],[1.7430000305175781,[0.0,367.5026877780276]],[1.7739999294281006,[0.0,371.4139100989893]],[2.375,[0.0,371.59168551490075]],[2.3899998664855957,[0.0,371.59168551490075]],[2.4059998989105225,[0.0,371.59168551490075]],[2.432999849319458,[0.0,373.38139997115627]],[2.4639999866485596,[0.0,373.38139997115627]],[2.513000011444092,[0.0,376.3095023439383]],[2.5139999389648438,[0.0,376.3095023439383]],[2.749000072479248,[0.0,376.8201176777775]],[2.75,[0.0,376.8201176777775]],[2.7939999103546143,[0.0,377.15898461505503]],[2.810999870300293,[0.0,377.15898461505503]],[2.8469998836517334,[0.0,378.8081675560905]],[2.876999855041504,[0.0,378.8081675560905]],[2.879999876022339,[0.0,378.91470959543415]],[2.881999969482422,[0.0,378.91470959543415]],[2.9019999504089355,[0.0,378.9871385066893]],[2.9029998779296875,[0.0,378.9871385066893]],[5.102999925613403,[0.0,378.9871385066893]],[5.11899995803833,[0.0,378.9871385066893]],[5.164999961853027,[1.0,379.1004078933554]],[5.19599986076355,[2.0,379.4310956207791]],[5.20199990272522,[3.0,379.51945457904327]],[5.224999904632568,[4.0,379.60116929632176]],[8.147000074386597,[5.0,379.60116929632176]],[8.17799997329712,[7.0,379.61024977032264]],[8.208999872207642,[8.0,379.9413166474076]],[8.224999904632568,[9.0,379.9413166474076]],[8.240000009536743,[10.0,379.9413166474076]],[8.618000030517578,[11.0,379.9413166474076]],[8.680999994277954,[14.0,380.733015376904]],[8.711999893188477,[15.0,380.7364392470567]],[8.759000062942505,[16.0,380.7364392470567]],[8.789999961853027,[17.0,380.7364392470567]],[8.805999994277954,[18.0,380.7364392470567]],[8.82200002670288,[20.0,380.7364392470567]],[8.836999893188477,[21.0,380.7364392470567]],[8.884000062942505,[23.0,380.7364392470567]],[8.914999961853027,[25.0,380.7364392470567]],[8.930999994277954,[26.0,380.7364392470567]],[10.121000051498413,[27.0,380.7364392470567]],[10.28499984741211,[28.0,380.7364392470567]],[10.299999952316284,[29.0,380.7364392470567]],[10.38100004196167,[30.0,380.7364392470567]],[10.40499997138977,[31.0,380.7364392470568]],[10.405999898910522,[32.0,380.7364392470568]],[10.432999849319458,[33.0,380.7364392470568]],[10.685999870300293,[35.0,380.7364392470568]],[10.70199990272522,[37.0,380.7364392470568]],[10.717999935150146,[38.0,380.7364392470568]],[10.749000072479248,[39.0,380.7364392470568]],[10.77999997138977,[41.0,380.7364392470568]],[10.810999870300293,[42.0,380.7364392470568]],[10.82699990272522,[45.0,380.7364392470568]],[10.842999935150146,[46.0,380.7364392470568]],[10.874000072479248,[47.0,380.7364392470568]],[10.90499997138977,[50.0,380.7364392470568]],[10.921000003814697,[51.0,380.7364392470568]],[10.95199990272522,[54.0,380.7364392470568]],[10.967999935150146,[55.0,380.7364392470568]],[10.983000040054321,[56.0,380.7364392470568]],[10.999000072479248,[57.0,380.7364392470568]],[11.013999938964844,[60.0,380.7364392470568]],[11.046000003814697,[61.0,380.7364392470568]],[11.07699990272522,[62.0,381.7573668500468]],[11.092999935150146,[65.0,381.7573668500468]],[11.108000040054321,[66.0,381.7573668500468]],[11.421000003814697,[68.0,381.7573668500468]],[11.437000036239624,[69.0,381.7573668500468]],[11.467999935150146,[70.0,381.7573668500468]],[11.530999898910522,[75.0,381.7573668500468]],[17.8439998626709,[76.0,381.7573668500468]],[17.875,[77.0,381.81404027302085]],[17.914000034332275,[80.0,381.81404027302085]],[17.94000005722046,[81.0,381.81404027302085]],[17.97000002861023,[82.0,381.81404027302085]],[18.009999990463257,[83.0,381.81404027302085]],[18.01099991798401,[84.0,381.81404027302085]],[18.013000011444092,[85.0,381.81404027302085]],[18.013999938964844,[86.0,381.81404027302085]],[18.014999866485596,[88.0,381.81404027302085]],[18.016000032424927,[89.0,381.81404027302085]],[18.0239999294281,[91.0,381.81404027302085]],[18.04699993133545,[92.0,381.81404027302085]],[18.078999996185303,[93.0,381.86282261520773]],[18.109999895095825,[94.0,381.8714838723457]],[18.141000032424927,[95.0,381.8714838723457]],[18.157000064849854,[96.0,381.8714838723457]],[18.2189998626709,[97.0,381.8714838723457]],[18.25,[98.0,381.8714838723457]],[18.282000064849854,[99.0,381.8714838723457]],[18.312999963760376,[100.0,381.8714838723457]],[18.359999895095825,[101.0,381.8714838723457]],[18.437999963760376,[102.0,381.8714838723457]],[18.516000032424927,[114.0,381.8714838723457]],[18.7189998626709,[115.0,381.87148387234583]],[18.734999895095825,[116.0,381.87148387234583]],[18.766000032424927,[117.0,381.87148387234583]],[18.782000064849854,[120.0,381.87148387234583]],[18.79699993133545,[123.0,381.87148387234583]],[19.93400001525879,[125.0,381.87148387234583]],[19.96499991416931,[126.0,381.87148387234583]],[19.980000019073486,[127.0,381.87148387234583]],[19.996000051498413,[129.0,381.87148387234583]],[20.01199984550476,[130.0,381.87148387234583]],[20.026999950408936,[131.0,381.87148387234583]],[20.05900001525879,[132.0,381.87148387234583]],[20.08999991416931,[133.0,381.87148387234583]],[20.121000051498413,[134.0,381.87148387234583]],[20.13699984550476,[138.0,381.87148387234583]],[20.151999950408936,[139.0,381.87148387234583]],[20.18400001525879,[140.0,381.87148387234583]],[20.230000019073486,[141.0,381.87148387234583]],[20.292999982833862,[142.0,381.87148387234583]],[20.30900001525879,[143.0,381.87148387234583]],[20.33999991416931,[144.0,381.87148387234583]],[20.355000019073486,[150.0,381.87148387234583]],[20.371000051498413,[151.0,381.87148387234583]],[20.401999950408936,[152.0,381.87148387234583]],[20.43400001525879,[153.0,381.87148387234583]],[20.448999881744385,[154.0,