{"DeletedArcs":14,"Gap":0.0,"InfTailPath":1,"NodeCount":381.0,"Runtime":6.162999868392944,"SimplexIterations":5309.0,"SubtourTracker":{"CutCounter":[["RCC",2363],["MSTAR",8076],["FCI",3717],["GLM",149],["CAT",29]],"CutTimer":[["RCC",257698],["MSTAR",849531],["FCI",3554097],["GLM",23804],["CAT",142702],["DKplus",3954],["DKminus",3327]],"ElementCallCounter":[["IntegerSolutions",36],["DetermineRoutes",36],["CheckRoutes",36],["IntegerRoutes",216],["SingleCustRoutes",39],["MinNumVeh",177],["DisconnectedRoutes",0],["ConnectedRoutes",177],["SingleVehicle",123],["MinVehApproxInf",54],["RoutePrechecked",95],["RoutePrecheckedNot",28],["CustCombiInfeasible",0],["CustCombiInfNot",28],["HeuristicFeas",23],["HeuristicInf",5],["CPCheck",0],["ExactLimitFeas",4],["ExactLimitInf",1],["ExactLimitUnk",0],["TwoPath",0],["TwoPathNot",1],["RegTournamentPath",0],["RegTournamentPathNot",1],["TailTournamentPath",1],["ExactFeas",0],["ExactInf",0],["ExactInvalid",0],["RevSeq",1],["RevHeurFeas",1],["RevExactFeas",0],["RevInf",0],["CheckFracSols",396],["AddFracSolCuts",193],["BuildGraph",193],["SPHeur",2]],"ElementCallTime":[["IntegerSolutions",962312],["DetermineRoutes",194],["CheckRoutes",961812],["IntegerRoutes",0],["SingleCustRoutes",0],["MinNumVeh",23790],["DisconnectedRoutes",0],["ConnectedRoutes",0],["SingleVehicle",936447],["MinVehApproxInf",1372],["RoutePrechecked",16],["RoutePrecheckedNot",1],["CustCombiInfeasible",0],["CustCombiInfNot",33],["HeuristicFeas",9404],["HeuristicInf",24490],["CPCheck",0],["ExactLimitFeas",749043],["ExactLimitInf",21338],["ExactLimitUnk",0],["TwoPath",0],["TwoPathNot",68085],["RegTournamentPath",0],["RegTournamentPathNot",63604],["TailTournamentPath",53],["ExactFeas",0],["ExactInf",0],["ExactInvalid",0],["RevSeq",253],["RevHeurFeas",0],["RevExactFeas",0],["RevInf",0],["CheckFracSols",4840840],["AddFracSolCuts",4840655],["BuildGraph",1660],["SPHeur",10131]],"LazyConstraintCounter":[["RCC",34],["SEC",54],["TailTournament",1]],"LowerBoundProgress":[[0.016000032424926758,[0.0,371.7654549054349]],[0.02499985694885254,[0.0,371.7654549054349]],[0.03399991989135742,[0.0,392.5782135427589]],[0.04199981689453125,[0.0,392.5782135427589]],[0.04900002479553223,[0.0,402.1174313704601]],[0.06399989128112793,[0.0,402.1174313704601]],[0.07299995422363281,[0.0,409.3711839876172]],[0.08699989318847656,[0.0,409.3711839876172]],[0.12099981307983398,[0.0,415.0207400407214]],[0.1359999179840088,[0.0,415.0207400407214]],[0.14800000190734863,[0.0,419.82311517210053]],[0.15199995040893555,[0.0,419.82311517210053]],[0.1979999542236328,[0.0,421.1325161903901]],[0.2389998435974121,[0.0,422.4265971516505]],[0.24000000953674316,[0.0,422.4265971516505]],[0.2890000343322754,[0.0,422.97012527528733]],[0.28999996185302734,[0.0,422.97012527528733]],[0.33899998664855957,[0.0,423.7930883135659]],[0.3409998416900635,[0.0,423.7930883135659]],[0.3789999485015869,[0.0,424.3872340481343]],[0.37999987602233887,[0.0,424.3872340481343]],[0.42100000381469727,[0.0,424.53762203861857]],[0.42299985885620117,[0.0,424.53762203861857]],[0.4679999351501465,[0.0,424.65384116572864]],[0.46899986267089844,[0.0,424.65384116572864]],[0.5119998455047607,[0.0,424.7222304647798]],[0.5179998874664307,[0.0,424.7222304647798]],[0.5659999847412109,[0.0,424.7222304647798]],[0.5690000057220459,[0.0,424.7222304647798]],[1.065999984741211,[0.0,424.7222304647798]],[1.0809998512268066,[0.0,424.7222304647798]],[1.1069998741149902,[1.0,424.7979071382449]],[1.1410000324249268,[2.0,425.7284583740405]],[1.1970000267028809,[3.0,425.7284583740405]],[1.2089998722076416,[4.0,426.05385766555884]],[1.2660000324249268,[5.0,426.05385766555884]],[1.2819998264312744,[6.0,426.2093803210575]],[1.375,[7.0,426.2093803210575]],[1.437999963760376,[8.0,426.2093803210575]],[1.4689998626708984,[9.0,426.2093803210575]],[1.5,[10.0,426.2093803210575]],[1.5160000324249268,[11.0,426.2093803210575]],[1.7189998626708984,[12.0,427.1516580768568]],[1.7660000324249268,[13.0,427.1516580768568]],[1.875999927520752,[14.0,427.1516580768568]],[1.9129998683929443,[15.0,427.1516580768568]],[1.9649999141693115,[16.0,427.1516580768568]],[2.0169999599456787,[17.0,427.1516580768568]],[2.047999858856201,[18.0,427.1516580768568]],[2.06499981880188,[19.0,427.1516580768568]],[2.109999895095825,[20.0,427.1516580768568]],[2.1419999599456787,[21.0,427.1516580768568]],[2.172999858856201,[23.0,427.1516580768568]],[2.2200000286102295,[24.0,427.1516580768568]],[2.2669999599456787,[25.0,427.1516580768568]],[2.297999858856201,[26.0,427.1516580768568]],[2.313999891281128,[27.0,427.1516580768568]],[2.360999822616577,[28.0,427.1516580768568]],[2.375999927520752,[29.0,427.1516580768568]],[2.422999858856201,[30.0,427.1516580768568]],[2.438999891281128,[31.0,427.1516580768568]],[2.4700000286102295,[32.0,427.1516580768568]],[2.500999927520752,[33.0,427.1516580768568]],[2.5169999599456787,[35.0,427.1516580768568]],[2.547999858856201,[36.0,427.1516580768568]],[2.5950000286102295,[37.0,427.1516580768568]],[2.610999822616577,[38.0,427.1516580768568]],[2.625999927520752,[39.0,427.1516580768568]],[2.672999858856201,[40.0,427.1516580768568]],[2.688999891281128,[41.0,427.1516580768568]],[2.7200000286102295,[42.0,427.1516580768568]],[2.735999822616577,[43.0,427.1516580768568]],[2.7669999599456787,[44.0,427.1516580768568]],[2.8299999237060547,[45.0,427.1516580768568]],[2.860999822616577,[46.0,427.1516580768568]],[2.8919999599456787,[47.0,427.1516580768568]],[2.922999858856201,[48.0,427.1516580768568]],[2.938999891281128,[49.0,427.1516580768568]],[2.9549999237060547,[50.0,427.1516580768568]],[2.9700000286102295,[52.0,427.1516580768568]],[3.000999927520752,[53.0,427.1516580768568]],[3.0169999599456787,[54.0,427.1516580768568]],[3.063999891281128,[56.0,427.1516580768568]],[3.125999927520752,[57.0,427.1516580768568]],[3.1419999599456787,[59.0,427.1516580768568]],[3.1579999923706055,[60.0,427.1516580768568]],[3.172999858856201,[61.0,427.1516580768568]],[3.3450000286102295,[63.0,427.1516580768568]],[3.3919999599456787,[64.0,427.1516580768568]],[3.422999858856201,[65.0,427.1516580768568]],[3.4700000286102295,[67.0,427.1516580768568]],[3.5169999599456787,[68.0,427.1516580768568]],[3.547999858856201,[69.0,427.1516580768568]],[3.563999891281128,[71.0,427.1516580768568]],[3.5799999237060547,[72.0,427.1516580768568]],[3.5950000286102295,[73.0,427.1516580768568]],[3.610999822616577,[74.0,427.1516580768568]],[3.625999927520752,[75.0,427.1516580768568]],[3.672999858856201,[76.0,427.1516580768568]],[3.688999891281128,[77.0,427.1516580768568]],[3.7049999237060547,[78.0,427.1516580768568]],[3.7200000286102295,[79.0,427.1516580768568]],[3.7669999599456787,[80.0,427.1516580768568]],[3.813999891281128,[82.0,427.1516580768568]],[3.860999822616577,[83.0,427.1516580768568]],[3.876999855041504,[84.0,427.1516580768568]],[3.9079999923706055,[85.0,427.1516580768568]],[3.922999858856201,[86.0,427.1516580768568]],[3.938999891281128,[88.0,427.1516580768568]],[3.985999822616577,[89.0,427.1516580768568]],[4.001999855041504,[90.0,427.1516580768568]],[4.0329999923706055,[92.0,427.1516580768568]],[4.047999858856201,[93.0,427.1516580768568]],[4.079999923706055,[95.0,427.1516580768568]],[4.125999927520752,[96.0,427.1516580768568]],[4.172999858856201,[97.0,427.1516580768568]],[4.188999891281128,[99.0,427.1516580768568]],[4.204999923706055,[100.0,427.1516580768568]],[4.2200000286102295,[101.0,427.1516580768568]],[4.235999822616577,[102.0,427.1516580768568]],[4.2829999923706055,[107.0,427.1516580768568]],[4.297999858856201,[108.0,427.1516580768568]],[4.375999927520752,[110.0,427.1516580768568]],[4.4079999923706055,[111.0,427.1516580768568]],[4.454999923706055,[112.0,427.1516580768568]],[4.516999959945679,[114.0,427.1516580768568]],[4.5329999923706055,[115.0,427.1516580768568]],[4.547999858856201,[116.0,427.1516580768568]],[4.56499981880188,[117.0,427.1516580768568]],[4.5950000286102295,[118.0,427.1516580768568]],[4.641999959945679,[119.0,427.1516580768568]],[4.704999923706055,[120.0,427.1516580768568]],[4.7200000286102295,