{"DeletedArcs":2,"Gap":0.0,"InfTailPath":0,"NodeCount":294.0,"Runtime":2.297999858856201,"SimplexIterations":3708.0,"SubtourTracker":{"CutCounter":[["RCC",501],["MSTAR",3142],["FCI",1660],["GLM",47],["CAT",3]],"CutTimer":[["RCC",65521],["MSTAR",281689],["FCI",1492805],["GLM",5602],["CAT",76598],["DKplus",2613],["DKminus",1885]],"ElementCallCounter":[["IntegerSolutions",31],["DetermineRoutes",31],["CheckRoutes",31],["IntegerRoutes",155],["SingleCustRoutes",17],["MinNumVeh",138],["DisconnectedRoutes",0],["ConnectedRoutes",138],["SingleVehicle",107],["MinVehApproxInf",31],["RoutePrechecked",94],["RoutePrecheckedNot",13],["CustCombiInfeasible",0],["CustCombiInfNot",13],["HeuristicFeas",13],["HeuristicInf",0],["CPCheck",0],["ExactLimitFeas",0],["ExactLimitInf",0],["ExactLimitUnk",0],["TwoPath",0],["TwoPathNot",0],["RegTournamentPath",0],["RegTournamentPathNot",0],["TailTournamentPath",0],["ExactFeas",0],["ExactInf",0],["ExactInvalid",0],["RevSeq",0],["RevHeurFeas",0],["RevExactFeas",0],["RevInf",0],["CheckFracSols",309],["AddFracSolCuts",168],["BuildGraph",168],["SPHeur",1]],"ElementCallTime":[["IntegerSolutions",15887],["DetermineRoutes",146],["CheckRoutes",15535],["IntegerRoutes",0],["SingleCustRoutes",0],["MinNumVeh",8112],["DisconnectedRoutes",0],["ConnectedRoutes",0],["SingleVehicle",6549],["MinVehApproxInf",730],["RoutePrechecked",3],["RoutePrecheckedNot",0],["CustCombiInfeasible",0],["CustCombiInfNot",1],["HeuristicFeas",6482],["HeuristicInf",0],["CPCheck",0],["ExactLimitFeas",0],["ExactLimitInf",0],["ExactLimitUnk",0],["TwoPath",0],["TwoPathNot",0],["RegTournamentPath",0],["RegTournamentPathNot",0],["TailTournamentPath",0],["ExactFeas",0],["ExactInf",0],["ExactInvalid",0],["RevSeq",0],["RevHeurFeas",0],["RevExactFeas",0],["RevInf",0],["CheckFracSols",1930533],["AddFracSolCuts",1930360],["BuildGraph",894],["SPHeur",1099]],"LazyConstraintCounter":[["RCC",22],["SEC",31]],"LowerBoundProgress":[[0.007999897003173828,[0.0,295.17078089793995]],[0.016000032424926758,[0.0,295.17078089793995]],[0.023000001907348633,[0.0,302.74723513496787]],[0.0279998779296875,[0.0,302.74723513496787]],[0.034999847412109375,[0.0,306.08708733734153]],[0.03699994087219238,[0.0,306.08708733734153]],[0.0409998893737793,[0.0,312.86092694925884]],[0.04399991035461426,[0.0,316.3173650997574]],[0.05099987983703613,[0.0,321.74233710891167]],[0.05200004577636719,[0.0,321.74233710891167]],[0.05500006675720215,[0.0,321.8988684406257]],[0.0559999942779541,[0.0,321.8988684406257]],[0.07399988174438477,[0.0,323.12901448747743]],[0.10500001907348633,[0.0,324.815334240728]],[0.14100003242492676,[0.0,325.5617671624681]],[0.14699983596801758,[0.0,325.5617671624681]],[0.1529998779296875,[0.0,325.57311996631194]],[0.15599989891052246,[0.0,325.57311996631194]],[0.18499994277954102,[0.0,325.7022596549217]],[0.18599987030029297,[0.0,325.7022596549217]],[0.21499991416931152,[0.0,325.80034187381005]],[0.2219998836517334,[0.0,325.80034187381005]],[0.2569999694824219,[0.0,325.80034187381005]],[0.2590000629425049,[0.0,325.80034187381005]],[0.28799986839294434,[0.0,325.80034187381005]],[0.28999996185302734,[0.0,325.80034187381005]],[0.4530000686645508,[0.0,325.80034187381005]],[0.46399998664855957,[0.0,325.80034187381005]],[0.49899983406066895,[1.0,325.8003418738101]],[0.5290000438690186,[2.0,325.82637242739685]],[0.5339999198913574,[3.0,325.82637242739685]],[0.5809998512268066,[4.0,326.30859089958386]],[0.5820000171661377,[5.0,326.30859089958386]],[0.625,[6.0,326.30859089958386]],[0.6510000228881836,[7.0,327.7930265065175]],[0.6570000648498535,[8.0,327.7930265065175]],[0.6649999618530273,[10.0,327.7930265065175]],[0.6959998607635498,[11.0,328.2354802116401]],[0.7209999561309814,[12.0,328.2354802116401]],[0.7360000610351562,[13.0,328.2354802116401]],[0.7679998874664307,[17.0,329.23133929327906]],[0.7829999923706055,[22.0,329.23133929327906]],[0.7939999103546143,[24.0,329.23133929327906]],[0.8190000057220459,[25.0,329.23133929327906]],[0.8220000267028809,[26.0,329.23133929327906]],[0.8239998817443848,[27.0,329.23133929327906]],[0.8329999446868896,[31.0,329.23133929327906]],[0.8610000610351562,[32.0,329.23133929327906]],[0.8669998645782471,[36.0,329.23133929327906]],[0.8969998359680176,[37.0,329.23133929327906]],[0.9270000457763672,[38.0,329.30220593268893]],[0.9389998912811279,[40.0,329.30220593268893]],[0.9700000286102295,[42.0,329.30220593268893]],[0.9860000610351562,[43.0,329.30220593268893]],[1.001999855041504,[44.0,329.30220593268893]],[1.0169999599456787,[47.0,329.34146329737547]],[1.0479998588562012,[49.0,329.34146329737547]],[1.0950000286102295,[50.0,329.34146329737547]],[1.1110000610351562,[52.0,329.34146329737547]],[1.126999855041504,[54.0,329.34146329737547]],[1.1419999599456787,[57.0,329.34146329737547]],[1.1579999923706055,[58.0,329.3957154381824]],[1.188999891281128,[60.0,329.4420083169843]],[1.2360000610351562,[61.0,329.4420083169843]],[1.251999855041504,[66.0,329.4420083169843]],[1.2669999599456787,[68.0,329.4420083169843]],[1.2829999923706055,[69.0,329.4420083169843]],[1.313999891281128,[72.0,329.4420083169843]],[1.3299999237060547,[73.0,329.4420083169843]],[1.3450000286102295,[74.0,329.4552451176721]],[1.3829998970031738,[75.0,329.4552451176721]],[1.4249999523162842,[76.0,329.4552451176721]],[1.440000057220459,[77.0,329.4552451176721]],[1.4549999237060547,[81.0,329.4552451176721]],[1.4709999561309814,[82.0,329.4552451176721]],[1.4860000610351562,[84.0,329.4552451176721]],[1.501999855041504,[88.0,329.4552451176721]],[1.5179998874664307,[91.0,329.4552451176721]],[1.5329999923706055,[94.0,329.4552451176721]],[1.5799999237060547,[95.0,329.4552451176721]],[1.6110000610351562,[96.0,329.4552451176721]],[1.6429998874664307,[97.0,329.4552451176721]],[1.6579999923706055,[101.0,329.4552451176721]],[1.6740000247955322,[104.0,329.4552451176721]],[1.690000057220459,[105.0,329.4552451176721]],[1.7049999237060547,[109.0,329.4552451176721]],[1.7360000610351562,[112.0,329.4552451176721]],[1.751999855041504,[114.0,329.4552451176721]],[1.7829999923706055,[116.0,329.4552451176721]],[1.815000057220459,[117.0,329.4552451176721]],[1.8299999237060547,[120.0,329.4552451176721]],[1.8610000610351562,[123.0,329.4552451176721]],[1.876999855041504,[127.0,329.4552451176721]],[1.8929998874664307,[129.0,329.4552451176721]],[1.9079999923706055,[130.0,329.4552451176721]],[1.9240000247955322,[131.0,329.4552451176721]],[1.940000057220459,[137.0,329.4552451176721]],[1.9860000610351562,[138.0,329.4552451176721]],[2.0190000534057617,[139.0,329.4552451176721]],[2.0429999828338623,[140.0,329.4552451176721]],[2.044999837875366,[141.0,329.4552451176721]],[2.055000066757202,[143.0,329.4552451176721]],[2.055999994277954,[144.0,329.4552451176721]],[2.056999921798706,[145.0,329.4552451176721]],[2.059000015258789,[146.0,329.4552451176721]],[2.062999963760376,[147.0,329.4552451176721]],[2.063999891281128,[148.0,329.4552451176721]],[2.0929999351501465,[149.0,329.4552451176721]],[2.1110000610351562,[150.0,329.4552451176721]],[2.125999927520752,[151.0,329.4552451176721]],[2.1410000324249268,[153.0,329.4552451176721]],[2.1570000648498535,[157.0,329.4552451176721]],[2.172999858856201,[163.0,329.49947572024564]],[2.187999963760376,[168.0,329.960830048468]],[2.2039999961853027,[169.0,329.960830048468]],[2.2189998626708984,[170.0,329.960830048468]],[2.250999927520752,[171.0,329.960830048468]],[2.2660000324249268,[179.0,329.960830048468]],[2.2820000648498535,[185.0,329.960830048468]],[2.297999858856201,[277.0,331.21750124265736]]],"UpperBoundProgress":[[0.003000020980834961,[350.5816301544542,false]],[0.7679998874664307,[341.99842949894276,false]],[1.940000057220459,[334.96388623761396,false]]]},"Timer":{"Branch&Cut":2.305211,"InfeasibleArcs":0.002943,"LowerBoundVehicles":0.0044123,"StartSolution":0.0153667}}