{"DeletedArcs":50,"Gap":0.0,"InfTailPath":0,"NodeCount":473.0,"Runtime":6.122999906539917,"SimplexIterations":9420.0,"SubtourTracker":{"CutCounter":[["RCC",1789],["MSTAR",7095],["FCI",3018],["GLM",123],["CAT",16],["DKplus",6],["DKminus",3]],"CutTimer":[["RCC",250287],["MSTAR",863678],["FCI",4313608],["GLM",19602],["CAT",182866],["DKplus",3819],["DKminus",3221]],"ElementCallCounter":[["IntegerSolutions",27],["DetermineRoutes",27],["CheckRoutes",27],["IntegerRoutes",218],["SingleCustRoutes",51],["MinNumVeh",167],["DisconnectedRoutes",2],["ConnectedRoutes",165],["SingleVehicle",0],["MinVehApproxInf",40],["RoutePrechecked",0],["RoutePrecheckedNot",0],["CustCombiInfeasible",0],["CustCombiInfNot",0],["HeuristicFeas",0],["HeuristicInf",0],["CPCheck",0],["ExactLimitFeas",0],["ExactLimitInf",0],["ExactLimitUnk",0],["TwoPath",0],["TwoPathNot",0],["RegTournamentPath",0],["RegTournamentPathNot",0],["TailTournamentPath",0],["ExactFeas",0],["ExactInf",0],["ExactInvalid",0],["RevSeq",0],["RevHeurFeas",0],["RevExactFeas",0],["RevInf",0],["CheckFracSols",492],["AddFracSolCuts",179],["BuildGraph",179],["SPHeur",4]],"ElementCallTime":[["IntegerSolutions",30246],["DetermineRoutes",229],["CheckRoutes",29715],["IntegerRoutes",0],["SingleCustRoutes",0],["MinNumVeh",27583],["DisconnectedRoutes",49],["ConnectedRoutes",0],["SingleVehicle",0],["MinVehApproxInf",1939],["RoutePrechecked",0],["RoutePrecheckedNot",0],["CustCombiInfeasible",0],["CustCombiInfNot",0],["HeuristicFeas",0],["HeuristicInf",0],["CPCheck",0],["ExactLimitFeas",0],["ExactLimitInf",0],["ExactLimitUnk",0],["TwoPath",0],["TwoPathNot",0],["RegTournamentPath",0],["RegTournamentPathNot",0],["TailTournamentPath",0],["ExactFeas",0],["ExactInf",0],["ExactInvalid",0],["RevSeq",0],["RevHeurFeas",0],["RevExactFeas",0],["RevInf",0],["CheckFracSols",5643522],["AddFracSolCuts",5643331],["BuildGraph",1914],["SPHeur",16454]],"LazyConstraintCounter":[["RCC",23],["SEC",42]],"LowerBoundProgress":[[0.01399993896484375,[0.0,492.8324103424675]],[0.02500009536743164,[0.0,492.8324103424675]],[0.07400012016296387,[0.0,549.4220876303538]],[0.08299994468688965,[0.0,549.4220876303538]],[0.09299993515014648,[0.0,573.6681150862534]],[0.10500001907348633,[0.0,573.6681150862534]],[0.12299990653991699,[0.0,584.6684919148919]],[0.12400007247924805,[0.0,584.6684919148919]],[0.12800002098083496,[0.0,589.7267063972697]],[0.13899993896484375,[0.0,589.7267063972697]],[0.1510000228881836,[0.0,593.9174650999132]],[0.1549999713897705,[0.0,593.9174650999132]],[0.20199990272521973,[0.0,596.1135481549319]],[0.20300006866455078,[0.0,596.1135481549319]],[0.2090001106262207,[0.0,597.5747166888412]],[0.21000003814697266,[0.0,597.5747166888412]],[0.27500009536743164,[0.0,600.5418135199193]],[0.2760000228881836,[0.0,600.5418135199193]],[0.3340001106262207,[0.0,600.9072782863218]],[0.33500003814697266,[0.0,600.9072782863218]],[0.39499998092651367,[0.0,601.5387540366344]],[0.3959999084472656,[0.0,601.5387540366344]],[0.4289999008178711,[0.0,601.8110230489006]],[0.43000006675720215,[0.0,601.8110230489006]],[0.48200011253356934,[0.0,602.3233779979244]],[0.48399996757507324,[0.0,602.3233779979244]],[0.505000114440918,[0.0,602.7376779933655]],[0.5060000419616699,[0.0,602.7376779933655]],[0.5490000247955322,[0.0,602.8436251362631]],[0.562999963760376,[0.0,602.8436251362631]],[0.6099998950958252,[0.0,602.985556426911]],[0.6310000419616699,[0.0,602.985556426911]],[0.6840000152587891,[0.0,603.0353080873822]],[0.6889998912811279,[0.0,603.0353080873822]],[0.8080000877380371,[0.0,603.5101780067898]],[0.8139998912811279,[0.0,603.5101780067898]],[0.8810000419616699,[0.0,603.5338399369185]],[0.8849999904632568,[0.0,603.5338399369185]],[0.9470000267028809,[0.0,603.5338399369185]],[0.9720001220703125,[0.0,603.5338399369185]],[1.0150001049041748,[1.0,603.539709642405]],[1.0520000457763672,[2.0,603.6021696408183]],[1.1029999256134033,[3.0,603.6021696408183]],[1.1440000534057617,[4.0,603.6655878918579]],[1.1510000228881836,[5.0,603.6655878918579]],[1.1579999923706055,[6.0,603.6655878918579]],[1.2190001010894775,[7.0,603.6655878918579]],[1.2679998874664307,[8.0,603.6655878918579]],[1.312999963760376,[12.0,603.6666901351049]],[1.3550000190734863,[13.0,603.6666901351051]],[1.372999906539917,[14.0,603.6666901351051]],[1.4040000438690186,[15.0,603.6666901351051]],[1.4579999446868896,[16.0,603.6666901351051]],[1.497999906539917,[17.0,603.6666901351051]],[1.5,[18.0,603.6666901351051]],[1.502000093460083,[19.0,603.6666901351051]],[1.61899995803833,[20.0,603.6666901351051]],[1.6630001068115234,[21.0,603.6666901351051]],[1.6649999618530273,[22.0,603.6666901351051]],[1.6670000553131104,[23.0,603.6666901351051]],[1.6779999732971191,[24.0,603.6666901351051]],[1.7090001106262207,[25.0,603.7440015965032]],[1.74399995803833,[26.0,603.7440015965032]],[1.7790000438690186,[27.0,603.7440015965032]],[1.809000015258789,[28.0,603.7440015965032]],[1.8499999046325684,[29.0,603.7559186312768]],[1.8510000705718994,[30.0,603.7559186312768]],[1.9110000133514404,[31.0,603.7559186312768]],[1.999000072479248,[32.0,603.7559186312768]],[2.0399999618530273,[33.0,603.7559186312768]],[2.11899995803833,[34.0,603.7559186312768]],[2.193000078201294,[35.0,603.7559186312768]],[2.2769999504089355,[36.0,603.7559186312768]],[2.319999933242798,[37.0,603.7645344547929]],[2.3359999656677246,[38.0,603.7645344547929]],[2.3459999561309814,[40.0,603.7645344547929]],[2.4100000858306885,[41.0,603.7645344547929]],[2.4579999446868896,[42.0,603.7645344547929]],[2.510999917984009,[43.0,603.7645344547929]],[2.568000078201294,[45.0,603.7645344547929]],[2.621999979019165,[46.0,603.7645344547929]],[2.680000066757202,[47.0,603.7645344547929]],[2.740999937057495,[48.0,603.7645344547929]],[2.7829999923706055,[49.0,603.7645344547929]],[2.7950000762939453,[50.0,603.7645344547929]],[2.805000066757202,[51.0,603.7645344547929]],[2.815000057220459,[52.0,603.7645344547929]],[2.86899995803833,[53.0,603.7645344547929]],[2.9260001182556152,[54.0,603.7645344547929]],[2.9769999980926514,[55.0,603.7645344547929]],[3.0420000553131104,[56.0,603.7645344547929]],[3.0899999141693115,[57.0,603.7645344547929]],[3.131999969482422,[58.0,603.7645344547929]],[3.135999917984009,[59.0,603.7645344547929]],[3.1410000324249268,[60.0,603.7645344547929]],[3.1459999084472656,[61.0,603.7645344547929]],[3.1519999504089355,[62.0,603.7645344547929]],[3.193000078201294,[65.0,603.7645344547929]],[3.239000082015991,[66.0,603.7645344547929]],[3.2820000648498535,[68.0,603.7645344547929]],[3.3350000381469727,[69.0,603.7645344547929]],[3.388000011444092,[70.0,603.7645344547929]],[3.434000015258789,[71.0,603.7645344547929]],[3.444000005722046,[72.0,603.7645344547929]],[3.449000120162964,[73.0,603.7645344547929]],[3.4539999961853027,[74.0,603.7645344547929]],[3.4590001106262207,[75.0,603.7645344547929]],[3.4639999866485596,[76.0,603.7645344547929]],[3.4690001010894775,[77.0,603.7645344547929]],[3.5190000534057617,[78.0,603.7645344547929]],[3.552999973297119,[80.0,603.7645344547929]],[3.5989999771118164,[81.0,603.7645344547929]],[3.6449999809265137,[82.0,603.7645344547929]],[3.7139999866485596,[83.0,603.7645344547929]],[3.7699999809265137,[84.0,603.7645344547929]],[3.819000005722046,[85.0,603.7645344547929]],[3.868000030517578,[86.0,603.7645344547929]],[3.9130001068115234,[87.0,603.7645344547929]],[3.9660000801086426,[88.0,603.7645344547929]],[4.0269999504089355,[91.0,604.1408087362369]],[4.0290000438690186,[92.0,604.1408087362369]],[4.0299999713897705,[93.0,604.1408087362369]],[4.03600001335144,[94.0,604.1408087362369]],[4.043999910354614,[95.0,604.1408087362369]],[4.078000068664551,[98.0,604.1408087362369]],[4.111999988555908,[99.0,604.1408087362369]],[4.144999980926514,[100.0,604.1408087362369]],[4.191999912261963,[101.0,604.1408087362369]],[4.203999996185303,[102.0,604.1408087362369]],[4.210999965667725,[103.0,604.1408087362369]],[4.270999908447266,[104.0,604.1408087362369]],[4.328000068664551,[105.0,604.1408087362369]],[4.371000051498413,[106.0,604.1408087362369]],