{"DeletedArcs":10,"Gap":0.0,"InfTailPath":0,"NodeCount":2683.0,"Runtime":3.9789998531341553,"SimplexIterations":24774.0,"SubtourTracker":{"CutCounter":[["RCC",766],["MSTAR",4144],["FCI",833],["GLM",81],["CAT",35],["DKplus",5],["DKminus",4]],"CutTimer":[["RCC",169121],["MSTAR",334631],["FCI",527103],["GLM",10452],["CAT",58941],["DKplus",3032],["DKminus",2571]],"ElementCallCounter":[["IntegerSolutions",97],["DetermineRoutes",97],["CheckRoutes",97],["IntegerRoutes",318],["SingleCustRoutes",23],["MinNumVeh",295],["DisconnectedRoutes",6],["ConnectedRoutes",289],["SingleVehicle",209],["MinVehApproxInf",80],["RoutePrechecked",115],["RoutePrecheckedNot",94],["CustCombiInfeasible",34],["CustCombiInfNot",60],["HeuristicFeas",46],["HeuristicInf",14],["CPCheck",0],["ExactLimitFeas",2],["ExactLimitInf",2],["ExactLimitUnk",0],["TwoPath",5],["TwoPathNot",0],["RegTournamentPath",0],["RegTournamentPathNot",0],["TailTournamentPath",0],["ExactFeas",7],["ExactInf",3],["ExactInvalid",0],["RevSeq",0],["RevHeurFeas",0],["RevExactFeas",0],["RevInf",0],["CheckFracSols",2694],["AddFracSolCuts",217],["BuildGraph",217],["SPHeur",3]],"ElementCallTime":[["IntegerSolutions",2245201],["DetermineRoutes",352],["CheckRoutes",2244309],["IntegerRoutes",0],["SingleCustRoutes",0],["MinNumVeh",17336],["DisconnectedRoutes",147],["ConnectedRoutes",0],["SingleVehicle",2224192],["MinVehApproxInf",2294],["RoutePrechecked",5],["RoutePrecheckedNot",2],["CustCombiInfeasible",645],["CustCombiInfNot",190],["HeuristicFeas",35886],["HeuristicInf",195002],["CPCheck",0],["ExactLimitFeas",241714],["ExactLimitInf",26329],["ExactLimitUnk",0],["TwoPath",61291],["TwoPathNot",0],["RegTournamentPath",0],["RegTournamentPathNot",0],["TailTournamentPath",0],["ExactFeas",435813],["ExactInf",1226982],["ExactInvalid",0],["RevSeq",0],["RevHeurFeas",0],["RevExactFeas",0],["RevInf",0],["CheckFracSols",1109309],["AddFracSolCuts",1109175],["BuildGraph",1143],["SPHeur",17968]],"LazyConstraintCounter":[["RCC",72],["SEC",120],["TwoPath",5],["TwoPathMIS",2]],"LowerBoundProgress":[[0.009999990463256836,[0.0,250.13266620402638]],[0.01900005340576172,[0.0,250.13266620402638]],[0.03299999237060547,[0.0,265.2741053955691]],[0.03600001335144043,[0.0,265.2741053955691]],[0.04500007629394531,[0.0,268.5175590780106]],[0.04799985885620117,[0.0,268.5175590780106]],[0.06200003623962402,[0.0,271.45001979381277]],[0.06699991226196289,[0.0,271.45001979381277]],[0.07500004768371582,[0.0,274.97224496633515]],[0.08299994468688965,[0.0,274.97224496633515]],[0.08899998664855957,[0.0,276.10851052720363]],[0.2109999656677246,[0.0,276.10851052720363]],[0.21700000762939453,[0.0,277.966526287022]],[0.21799993515014648,[0.0,277.966526287022]],[0.24099993705749512,[0.0,280.1588296961371]],[0.24199986457824707,[0.0,280.1588296961371]],[0.247999906539917,[0.0,280.85717226186665]],[0.2560000419616699,[0.0,280.85717226186665]],[0.26399993896484375,[0.0,280.94769792910313]],[0.2739999294281006,[0.0,280.94769792910313]],[0.29600000381469727,[0.0,280.9476979291032]],[0.29799985885620117,[0.0,280.9476979291032]],[0.8859999179840088,[0.0,280.9476979291032]],[0.8949999809265137,[0.0,280.9476979291032]],[0.9099998474121094,[1.0,280.94954731142695]],[0.9179999828338623,[2.0,281.0235226043791]],[0.9259998798370361,[3.0,281.0235226043791]],[0.931999921798706,[4.0,281.0620532704105]],[0.934999942779541,[5.0,281.0620532704105]],[0.9459998607635498,[6.0,281.0620532704105]],[0.9619998931884766,[7.0,281.0620532704105]],[0.9670000076293945,[8.0,281.1428821917554]],[0.9919998645782471,[10.0,281.1428821917554]],[1.0119998455047607,[11.0,281.1428821917554]],[1.0230000019073486,[12.0,281.2110825171124]],[1.0290000438690186,[13.0,281.2110825171124]],[1.0349998474121094,[14.0,281.2110825171124]],[1.0379998683929443,[15.0,281.2110825171124]],[1.0499999523162842,[16.0,281.21108251711246]],[1.0769999027252197,[17.0,281.21108251711246]],[1.0829999446868896,[19.0,281.21108251711246]],[1.1039998531341553,[21.0,281.21108251711246]],[1.1080000400543213,[22.0,281.21108251711246]],[1.119999885559082,[23.0,281.21108251711246]],[1.1349999904632568,[24.0,281.21108251711246]],[1.1449999809265137,[25.0,281.21108251711246]],[1.1489999294281006,[26.0,281.21108251711246]],[1.1540000438690186,[27.0,281.21108251711246]],[1.1559998989105225,[28.0,281.21108251711246]],[1.1589999198913574,[29.0,281.21108251711246]],[1.1710000038146973,[30.0,281.3523502479135]],[1.184999942779541,[31.0,281.3523502479135]],[1.3469998836517334,[33.0,281.3523502479135]],[1.3629999160766602,[34.0,281.3523502479135]],[1.378999948501587,[38.0,281.3523502479135]],[1.3949999809265137,[39.0,281.3523502479135]],[1.4110000133514404,[42.0,281.3523502479135]],[1.4270000457763672,[45.0,281.3523502479135]],[1.441999912261963,[47.0,281.3523502479135]],[1.4749999046325684,[49.0,281.3523502479135]],[1.4869999885559082,[51.0,281.3523502479135]],[1.494999885559082,[52.0,281.3523502479135]],[1.496999979019165,[53.0,281.3523502479135]],[1.499000072479248,[54.0,281.3523502479135]],[1.503000020980835,[56.0,281.3523502479135]],[1.5069999694824219,[57.0,281.3523502479135]],[1.5130000114440918,[58.0,281.3523502479135]],[2.6429998874664307,[59.0,281.3523502479135]],[2.6570000648498535,[61.0,281.3523502479135]],[2.672999858856201,[62.0,281.3523502479135]],[2.687000036239624,[63.0,281.3523502479135]],[2.690999984741211,[64.0,281.3523502479135]],[2.694000005722046,[65.0,281.3523502479135]],[2.7100000381469727,[66.0,281.3523502479135]],[2.7130000591278076,[68.0,281.3523502479135]],[2.7139999866485596,[69.0,281.3523502479135]],[2.7149999141693115,[71.0,281.3523502479135]],[2.7200000286102295,[72.0,281.3523502479135]],[2.7279999256134033,[73.0,281.3523502479135]],[2.7330000400543213,[74.0,281.3523502479135]],[2.736999988555908,[75.0,281.3523502479135]],[2.73799991607666,[76.0,281.3523502479135]],[2.743000030517578,[77.0,281.3523502479135]],[2.749000072479248,[78.0,281.3523502479135]],[2.7699999809265137,[79.0,281.3523502479135]],[2.7760000228881836,[80.0,281.3523502479135]],[2.7820000648498535,[81.0,281.3523502479135]],[2.7939999103546143,[83.0,281.3523502479135]],[2.797999858856201,[84.0,281.3523502479135]],[2.803999900817871,[85.0,281.3523502479135]],[2.805000066757202,[86.0,281.3523502479135]],[2.809000015258789,[88.0,281.3523502479135]],[2.810999870300293,[90.0,281.3523502479135]],[2.812000036239624,[91.0,281.3523502479135]],[2.815999984741211,[92.0,281.3523502479135]],[2.822999954223633,[93.0,281.3523502479135]],[2.8339998722076416,[94.0,281.3523502479135]],[2.8410000801086426,[95.0,281.3523502479135]],[2.8529999256134033,[96.0,281.3523502479135]],[2.8539998531341553,[98.0,281.3523502479135]],[2.8610000610351562,[99.0,281.3523502479135]],[2.872999906539917,[100.0,281.3523502479135]],[2.882999897003174,[101.0,281.3523502479135]],[2.8940000534057617,[102.0,281.3523502479135]],[2.8949999809265137,[103.0,281.3523502479135]],[2.9010000228881836,[105.0,281.3523502479135]],[2.9019999504089355,[106.0,281.3523502479135]],[2.9029998779296875,[107.0,281.3523502479135]],[2.9040000438690186,[108.0,281.3523502479135]],[2.9089999198913574,[109.0,281.3523502479135]],[2.921999931335449,[110.0,281.3523502479135]],[2.937000036239624,[111.0,281.3523502479135]],[2.937999963760376,[111.0,281.3523502479135]],[2.940000057220459,[114.0,281.3523502479135]],[2.940999984741211,[115.0,281.3523502479135]],[2.944000005722046,[116.0,281.3523502479135]],[2.9549999237060547,[117.0,281.3523502479135]],[2.9630000591278076,[118.0,281.3523502479135]],[2.9689998626708984,[120.0,281.3523502479135]],[2.9779999256134033,[121.0,281.3523502479135]],[2.9860000610351562,[122.0,281.3523502479135]],[2.996999979019165,[123.0,281.3523502479135]],[3.007999897003174,[124.0,281.3523502479135]],[3.009999990463257,[126.0,281.3523502479135]],[3.013000011444092,[127.0,281.3523502479135]],[3.0199999809265137,[129.0,281.3523502479135]],[3.0220000743865967,[131.0,281.3523502479135]],[3.0260000228881836,[132.0,281.3523502479135]],[3.0399999618530273,[133.0,281.3523502479135]],[3.050999879837036,[134.0,