{"DeletedArcs":8,"Gap":0.0,"InfTailPath":0,"NodeCount":663.0,"Runtime":3.9830000400543213,"SimplexIterations":8877.0,"SubtourTracker":{"CutCounter":[["RCC",966],["MSTAR",4065],["FCI",2306],["GLM",98],["CAT",9],["DKplus",4],["DKminus",2]],"CutTimer":[["RCC",144934],["MSTAR",433853],["FCI",1883820],["GLM",15155],["CAT",68095],["DKplus",3135],["DKminus",2748]],"ElementCallCounter":[["IntegerSolutions",58],["DetermineRoutes",58],["CheckRoutes",58],["IntegerRoutes",349],["SingleCustRoutes",21],["MinNumVeh",328],["DisconnectedRoutes",1],["ConnectedRoutes",327],["SingleVehicle",256],["MinVehApproxInf",71],["RoutePrechecked",202],["RoutePrecheckedNot",54],["CustCombiInfeasible",0],["CustCombiInfNot",54],["HeuristicFeas",48],["HeuristicInf",6],["CPCheck",0],["ExactLimitFeas",4],["ExactLimitInf",0],["ExactLimitUnk",0],["TwoPath",0],["TwoPathNot",0],["RegTournamentPath",0],["RegTournamentPathNot",0],["TailTournamentPath",0],["ExactFeas",2],["ExactInf",0],["ExactInvalid",0],["RevSeq",0],["RevHeurFeas",0],["RevExactFeas",0],["RevInf",0],["CheckFracSols",670],["AddFracSolCuts",186],["BuildGraph",186],["SPHeur",3]],"ElementCallTime":[["IntegerSolutions",984532],["DetermineRoutes",299],["CheckRoutes",983790],["IntegerRoutes",0],["SingleCustRoutes",0],["MinNumVeh",24802],["DisconnectedRoutes",38],["ConnectedRoutes",0],["SingleVehicle",956829],["MinVehApproxInf",1782],["RoutePrechecked",11],["RoutePrecheckedNot",1],["CustCombiInfeasible",0],["CustCombiInfNot",18],["HeuristicFeas",37012],["HeuristicInf",37454],["CPCheck",0],["ExactLimitFeas",754806],["ExactLimitInf",0],["ExactLimitUnk",0],["TwoPath",0],["TwoPathNot",0],["RegTournamentPath",0],["RegTournamentPathNot",0],["TailTournamentPath",0],["ExactFeas",127334],["ExactInf",0],["ExactInvalid",0],["RevSeq",0],["RevHeurFeas",0],["RevExactFeas",0],["RevInf",0],["CheckFracSols",2555615],["AddFracSolCuts",2555481],["BuildGraph",1533],["SPHeur",5854]],"LazyConstraintCounter":[["RCC",67],["SEC",72]],"LowerBoundProgress":[[0.009000062942504883,[0.0,357.62304057291317]],[0.023999929428100586,[0.0,357.62304057291317]],[0.03600001335144043,[0.0,413.91654614357094]],[0.042999982833862305,[0.0,413.91654614357094]],[0.0559999942779541,[0.0,460.6655921713385]],[0.0710000991821289,[0.0,460.6655921713385]],[0.07899999618530273,[0.0,471.6420596756913]],[0.0989999771118164,[0.0,471.6420596756913]],[0.12100005149841309,[0.0,477.5578766653591]],[0.14300012588500977,[0.0,477.5578766653591]],[0.1640000343322754,[0.0,486.3919496087903]],[0.16700005531311035,[0.0,486.3919496087903]],[0.18199992179870605,[0.0,487.3353800456397]],[0.18400001525878906,[0.0,487.3353800456397]],[0.8410000801086426,[0.0,487.3353800456397]],[0.8559999465942383,[0.0,487.3353800456397]],[0.871999979019165,[1.0,487.49341108201014]],[0.8959999084472656,[2.0,488.2734481349895]],[0.9019999504089355,[3.0,488.2734481349895]],[0.9449999332427979,[4.0,488.483278041563]],[0.996999979019165,[5.0,488.483278041563]],[1.0290000438690186,[6.0,488.483278041563]],[1.0439999103546143,[8.0,488.5625413148981]],[1.0750000476837158,[9.0,488.5625413148981]],[1.0910000801086426,[12.0,488.5625413148981]],[1.1070001125335693,[14.0,488.5625413148983]],[1.121999979019165,[16.0,488.5625413148983]],[1.1380000114440918,[18.0,488.5625413148983]],[1.1540000438690186,[20.0,488.5625413148983]],[1.184999942779541,[21.0,488.5625413148983]],[1.2000000476837158,[22.0,488.5625413148983]],[1.2160000801086426,[24.0,488.5625413148983]],[1.2320001125335693,[26.0,488.5625413148983]],[1.246999979019165,[27.0,488.5625413148983]],[1.2630000114440918,[28.0,488.5625413148983]],[1.3250000476837158,[30.0,488.5625413148983]],[1.371999979019165,[32.0,488.5625413148983]],[1.4040000438690186,[33.0,488.5625413148983]],[1.4189999103546143,[35.0,488.5625413148983]],[1.4660000801086426,[37.0,488.7265640059325]],[1.5329999923706055,[38.0,488.7265640059325]],[1.559999942779541,[39.0,488.7265640059325]],[1.5750000476837158,[40.0,488.7265640059325]],[1.6070001125335693,[41.0,488.7265640059325]],[1.621999979019165,[43.0,488.7265640059325]],[1.6689999103546143,[46.0,488.83188116342086]],[1.7000000476837158,[47.0,488.83188116342086]],[1.7160000801086426,[48.0,488.83188116342086]],[1.7320001125335693,[52.0,488.83188116342086]],[1.746999979019165,[53.0,488.83188116342086]],[1.7630000114440918,[56.0,488.83188116342086]],[1.7790000438690186,[60.0,488.83188116342086]],[2.059999942779541,[62.0,488.83188116342114]],[2.075000047683716,[63.0,488.83188116342114]],[2.0910000801086426,[68.0,488.83188116342114]],[2.1070001125335693,[71.0,488.83188116342114]],[2.121999979019165,[76.0,488.83188116342114]],[2.138000011444092,[77.0,488.83188116342114]],[2.1540000438690186,[79.0,488.83188116342114]],[2.1689999103546143,[81.0,488.83188116342114]],[2.200000047683716,[82.0,488.83188116342114]],[2.2160000801086426,[83.0,488.83188116342114]],[2.2320001125335693,[85.0,488.83188116342114]],[2.246999979019165,[92.0,488.83188116342114]],[2.2790000438690186,[93.0,488.83188116342114]],[2.309999942779541,[95.0,488.83188116342114]],[2.325000047683716,[96.0,488.83188116342114]],[2.3410000801086426,[98.0,488.83188116342114]],[2.388000011444092,[99.0,488.83188116342114]],[2.434999942779541,[100.0,488.83188116342114]],[2.4660000801086426,[101.0,488.83188116342114]],[2.4820001125335693,[109.0,488.83188116342114]],[2.5290000438690186,[110.0,488.83188116342114]],[2.559999942779541,[114.0,488.83188116342114]],[2.6070001125335693,[115.0,488.83188116342114]],[2.6689999103546143,[116.0,488.83188116342114]],[2.684999942779541,[117.0,488.83188116342114]],[2.700000047683716,[118.0,488.83188116342114]],[2.7320001125335693,[119.0,488.83188116342114]],[2.746999979019165,[122.0,488.83188116342114]],[2.7929999828338623,[124.0,488.83188116342114]],[2.821000099182129,[125.0,488.83188116342114]],[2.8269999027252197,[126.0,488.83188116342114]],[2.8289999961853027,[127.0,488.83188116342114]],[2.8299999237060547,[128.0,488.83188116342114]],[2.8540000915527344,[129.0,488.83188116342114]],[2.86299991607666,[130.0,488.83188116342114]],[2.9200000762939453,[131.0,488.83188116342114]],[2.9509999752044678,[132.0,488.83188116342114]],[3.013000011444092,[135.0,488.83188116342114]],[3.0910000801086426,[137.0,488.83188116342114]],[3.1070001125335693,[138.0,488.83188116342114]],[3.122999906539917,[139.0,488.83188116342114]],[3.1540000438690186,[140.0,488.83188116342114]],[3.184999942779541,[141.0,488.9525692963122]],[3.2009999752044678,[144.0,488.9525692963122]],[3.2320001125335693,[149.0,488.9525692963123]],[3.247999906539917,[151.0,488.9525692963123]],[3.263000011444092,[168.0,488.9525692963123]],[3.2790000438690186,[173.0,488.9525692963123]],[3.2950000762939453,[174.0,488.9525692963123]],[3.309999942779541,[175.0,488.9525692963123]],[3.3259999752044678,[176.0,488.9525692963123]],[3.3410000801086426,[177.0,488.9525692963123]],[3.3570001125335693,[180.0,488.9525692963123]],[3.4040000438690186,[181.0,488.9525692963123]],[3.4509999752044678,[182.0,488.9525692963123]],[3.5999999046325684,[184.0,488.9525692963123]],[3.625,[185.0,488.9525692963123]],[3.63100004196167,[186.0,488.9525692963123]],[3.638000011444092,[187.0,488.9525692963123]],[3.690999984741211,[188.0,488.9525692963123]],[3.7179999351501465,[189.0,488.9525692963123]],[3.749000072479248,[190.0,488.9525692963123]],[3.7820000648498535,[191.0,488.9525692963123]],[3.812000036239624,[192.0,488.9525692963123]],[3.812999963760376,[193.0,488.9525692963123]],[3.8420000076293945,[196.0,488.9525692963123]],[3.8580000400543213,[197.0,488.9525692963123]],[3.872999906539917,[200.0,488.9525692963123]],[3.8889999389648438,[212.0,488.9525692963123]],[3.9049999713897705,[233.0,488.9525692963123]],[3.9200000762939453,[260.0,488.9525692963123]],[3.936000108718872,[316.0,489.0204837991346]],[3.9519999027252197,[380.0,489.156312804779]],[3.9670000076293945,[460.0,489.156312804779]],[3.9830000400543213,[556.0,490.6694108894835]]],