{"DeletedArcs":2,"Gap":0.0,"InfTailPath":0,"NodeCount":294.0,"Runtime":2.244999885559082,"SimplexIterations":3708.0,"SubtourTracker":{"CutCounter":[["RCC",501],["MSTAR",3142],["FCI",1660],["GLM",47],["CAT",3]],"CutTimer":[["RCC",63827],["MSTAR",279814],["FCI",1481060],["GLM",5383],["CAT",77007],["DKplus",2300],["DKminus",1908]],"ElementCallCounter":[["IntegerSolutions",31],["DetermineRoutes",31],["CheckRoutes",31],["IntegerRoutes",155],["SingleCustRoutes",17],["MinNumVeh",138],["DisconnectedRoutes",0],["ConnectedRoutes",138],["SingleVehicle",107],["MinVehApproxInf",31],["RoutePrechecked",94],["RoutePrecheckedNot",13],["CustCombiInfeasible",0],["CustCombiInfNot",13],["HeuristicFeas",13],["HeuristicInf",0],["CPCheck",0],["ExactLimitFeas",0],["ExactLimitInf",0],["ExactLimitUnk",0],["TwoPath",0],["TwoPathNot",0],["RegTournamentPath",0],["RegTournamentPathNot",0],["TailTournamentPath",0],["ExactFeas",0],["ExactInf",0],["ExactInvalid",0],["RevSeq",0],["RevHeurFeas",0],["RevExactFeas",0],["RevInf",0],["CheckFracSols",309],["AddFracSolCuts",168],["BuildGraph",168],["SPHeur",1]],"ElementCallTime":[["IntegerSolutions",12154],["DetermineRoutes",133],["CheckRoutes",11819],["IntegerRoutes",0],["SingleCustRoutes",0],["MinNumVeh",8280],["DisconnectedRoutes",0],["ConnectedRoutes",0],["SingleVehicle",2641],["MinVehApproxInf",734],["RoutePrechecked",6],["RoutePrecheckedNot",0],["CustCombiInfeasible",0],["CustCombiInfNot",0],["HeuristicFeas",2574],["HeuristicInf",0],["CPCheck",0],["ExactLimitFeas",0],["ExactLimitInf",0],["ExactLimitUnk",0],["TwoPath",0],["TwoPathNot",0],["RegTournamentPath",0],["RegTournamentPathNot",0],["TailTournamentPath",0],["ExactFeas",0],["ExactInf",0],["ExactInvalid",0],["RevSeq",0],["RevHeurFeas",0],["RevExactFeas",0],["RevInf",0],["CheckFracSols",1914092],["AddFracSolCuts",1913971],["BuildGraph",869],["SPHeur",1053]],"LazyConstraintCounter":[["RCC",22],["SEC",31]],"LowerBoundProgress":[[0.007999897003173828,[0.0,295.17078089793995]],[0.014999866485595703,[0.0,295.17078089793995]],[0.021999835968017578,[0.0,302.74723513496787]],[0.026999950408935547,[0.0,302.74723513496787]],[0.03399991989135742,[0.0,306.08708733734153]],[0.03600001335144043,[0.0,306.08708733734153]],[0.039999961853027344,[0.0,312.86092694925884]],[0.04199981689453125,[0.0,316.3173650997574]],[0.042999982833862305,[0.0,316.3173650997574]],[0.048999786376953125,[0.0,321.74233710891167]],[0.05299997329711914,[0.0,321.8988684406257]],[0.07299995422363281,[0.0,323.12901448747743]],[0.07399988174438477,[0.0,323.12901448747743]],[0.10099983215332031,[0.0,324.815334240728]],[0.12799978256225586,[0.0,325.5617671624681]],[0.13399982452392578,[0.0,325.5617671624681]],[0.1419999599456787,[0.0,325.57311996631194]],[0.14299988746643066,[0.0,325.57311996631194]],[0.17299985885620117,[0.0,325.7022596549217]],[0.17399978637695312,[0.0,325.7022596549217]],[0.20399999618530273,[0.0,325.80034187381005]],[0.21199989318847656,[0.0,325.80034187381005]],[0.24199986457824707,[0.0,325.80034187381005]],[0.24399995803833008,[0.0,325.80034187381005]],[0.2739999294281006,[0.0,325.80034187381005]],[0.27499985694885254,[0.0,325.80034187381005]],[0.44099998474121094,[0.0,325.80034187381005]],[0.4519999027252197,[0.0,325.80034187381005]],[0.48000001907348633,[1.0,325.8003418738101]],[0.5149998664855957,[2.0,325.82637242739685]],[0.5199999809265137,[3.0,325.82637242739685]],[0.5209999084472656,[3.0,325.82637242739685]],[0.5679998397827148,[4.0,326.30859089958386]],[0.5749998092651367,[6.0,326.30859089958386]],[0.5989999771118164,[7.0,327.7930265065175]],[0.6029999256134033,[8.0,327.7930265065175]],[0.6039998531341553,[9.0,327.7930265065175]],[0.6119999885559082,[10.0,327.7930265065175]],[0.6389999389648438,[11.0,328.2354802116401]],[0.6710000038146973,[12.0,328.2354802116401]],[0.681999921798706,[15.0,328.2354802116401]],[0.685999870300293,[16.0,328.2354802116401]],[0.7179999351501465,[17.0,329.23133929327906]],[0.7339999675750732,[19.0,329.23133929327906]],[0.744999885559082,[24.0,329.23133929327906]],[0.7719998359680176,[25.0,329.23133929327906]],[0.7739999294281006,[26.0,329.23133929327906]],[0.7759997844696045,[27.0,329.23133929327906]],[0.7869999408721924,[31.0,329.23133929327906]],[0.8139998912811279,[32.0,329.23133929327906]],[0.8149998188018799,[35.0,329.23133929327906]],[0.8199999332427979,[36.0,329.23133929327906]],[0.8479998111724854,[37.0,329.23133929327906]],[0.870999813079834,[38.0,329.30220593268893]],[0.8779997825622559,[40.0,329.30220593268893]],[0.8929998874664307,[41.0,329.30220593268893]],[0.9249999523162842,[42.0,329.30220593268893]],[0.9409999847412109,[43.0,329.30220593268893]],[0.9559998512268066,[46.0,329.34146329737547]],[0.9629998207092285,[47.0,329.34146329737547]],[1.003999948501587,[49.0,329.34146329737547]],[1.057999849319458,[50.0,329.34146329737547]],[1.066999912261963,[51.0,329.34146329737547]],[1.0879998207092285,[53.0,329.34146329737547]],[1.0920000076293945,[54.0,329.34146329737547]],[1.0949997901916504,[55.0,329.34146329737547]],[1.0979998111724854,[56.0,329.34146329737547]],[1.1119999885559082,[57.0,329.34146329737547]],[1.119999885559082,[58.0,329.3957154381824]],[1.1509997844696045,[60.0,329.4420083169843]],[1.1929998397827148,[61.0,329.4420083169843]],[1.2129998207092285,[66.0,329.4420083169843]],[1.2239999771118164,[68.0,329.4420083169843]],[1.2400000095367432,[70.0,329.4420083169843]],[1.2739999294281006,[72.0,329.4420083169843]],[1.2829999923706055,[73.0,329.4420083169843]],[1.2969999313354492,[74.0,329.4552451176721]],[1.3309998512268066,[75.0,329.4552451176721]],[1.370999813079834,[76.0,329.4552451176721]],[1.3869998455047607,[77.0,329.4552451176721]],[1.4009997844696045,[78.0,329.4552451176721]],[1.4029998779296875,[79.0,329.4552451176721]],[1.4179999828338623,[82.0,329.4552451176721]],[1.434000015258789,[83.0,329.4552451176721]],[1.4499998092651367,[88.0,329.4552451176721]],[1.4659998416900635,[90.0,329.4552451176721]],[1.4809999465942383,[93.0,329.4552451176721]],[1.5259997844696045,[95.0,329.4552451176721]],[1.560999870300293,[96.0,329.4552451176721]],[1.5920000076293945,[97.0,329.4552451176721]],[1.623999834060669,[104.0,329.4552451176721]],[1.6359999179840088,[105.0,329.4552451176721]],[1.6409997940063477,[106.0,329.4552451176721]],[1.6429998874664307,[108.0,329.4552451176721]],[1.6449999809265137,[109.0,329.4552451176721]],[1.6489999294281006,[110.0,329.4552451176721]],[1.6549999713897705,[111.0,329.4552451176721]],[1.680999994277954,[112.0,329.4552451176721]],[1.6899998188018799,[113.0,329.4552451176721]],[1.6989998817443848,[114.0,329.4552451176721]],[1.7039999961853027,[115.0,329.4552451176721]],[1.7329998016357422,[116.0,329.4552451176721]],[1.748999834060669,[117.0,329.4552451176721]],[1.7649998664855957,[118.0,329.4552451176721]],[1.806999921798706,[123.0,329.4552451176721]],[1.811999797821045,[124.0,329.4552451176721]],[1.8279998302459717,[127.0,329.4552451176721]],[1.8439998626708984,[129.0,329.4552451176721]],[1.8589999675750732,[130.0,329.4552451176721]],[1.875,[131.0,329.4552451176721]],[1.8909997940063477,[137.0,329.4552451176721]],[1.934000015258789,[138.0,329.4552451176721]],[1.9670000076293945,[139.0,329.4552451176721]],[1.9900000095367432,[140.0,329.4552451176721]],[1.991999864578247,[141.0,329.4552451176721]],[1.992999792098999,[142.0,329.4552451176721]],[2.001999855041504,[143.0,329.4552451176721]],[2.002999782562256,[144.0,329.4552451176721]],[2.004999876022339,[145.0,329.4552451176721]],[2.005999803543091,[146.0,329.4552451176721]],[2.010999917984009,[147.0,329.4552451176721]],[2.0339999198913574,[149.0,329.4552451176721]],[2.049999952316284,[150.0,329.4552451176721]],[2.065999984741211,[151.0,329.4552451176721]],[2.0889999866485596,[153.0,329.4552451176721]],[2.0979998111724854,[157.0,329.4552451176721]],[2.119999885559082,[163.0,329.49947572024564]],[2.1429998874664307,[168.0,329.960830048468]],[2.1529998779296875,[169.0,329.960830048468]],[2.174999952316284,[170.0,329.960830048468]],[2.192999839782715,[171.0,329.960830048468]],